sid,sensor_type,measure_type,measure_unit,kit_kid
9cba4d7f-9caa-400e-a7d7-1659a420ae12,TMP,val,O/C,3d7583a8-3917-46b9-ad89-a388fa07f654
1d122c3f-c51d-4e41-acc4-1a6ff836dba8,TMP,val,O/C,3d7583a8-3917-46b9-ad89-a388fa07f654
ae53bbbf-a2c3-4aa3-a377-a2779a936925,HMD,val,ppm,3d7583a8-3917-46b9-ad89-a388fa07f654
26dd985d-4ecf-4ac8-8888-f03888fa343c,PRS,bln,O/C,3d7583a8-3917-46b9-ad89-a388fa07f654
4c25ae23-f156-420e-b224-35001b934559,MGC,bln,%,3d7583a8-3917-46b9-ad89-a388fa07f654
1dbb63c9-e564-42fb-aa18-2ee76fb65d57,GAS,val,O/C,3d7583a8-3917-46b9-ad89-a388fa07f654
0512dba6-1796-4552-99f3-402ac197d299,HMD,val,ppm,3d7583a8-3917-46b9-ad89-a388fa07f654
e5bf940c-5ccc-40e3-94b1-3b22efafcce9,TMP,val,O/C,3d7583a8-3917-46b9-ad89-a388fa07f654
43676a88-5521-48ec-a8cd-687d75af1c1b,TMP,val,O/C,3d7583a8-3917-46b9-ad89-a388fa07f654
38f8c69a-8d2d-4800-a728-cabcd5253cf3,PRC,bln,%,3d7583a8-3917-46b9-ad89-a388fa07f654
355cfb2e-6dd6-4c04-b4eb-98163db8340c,TMP,val,O/C,3d7583a8-3917-46b9-ad89-a388fa07f654
4b2cf210-12d9-4fbe-a8f8-3c96c953b047,GAS,val,O/C,3d7583a8-3917-46b9-ad89-a388fa07f654
1d8be88a-425e-4053-b837-767390367d1d,GAS,val,O/C,3d7583a8-3917-46b9-ad89-a388fa07f654
4e567900-a294-47ad-9912-4a84321ea469,TMP,val,O/C,3d7583a8-3917-46b9-ad89-a388fa07f654
ad9e06e8-39ca-4ce2-9d39-43b906284a30,HMD,val,ppm,3d7583a8-3917-46b9-ad89-a388fa07f654
ce91d2fd-5c35-4312-a1cd-fd625756c630,LVL,val,0C,3d7583a8-3917-46b9-ad89-a388fa07f654
2854d62e-0cac-4fd9-9011-b0d608ef57e1,HMD,val,ppm,3d7583a8-3917-46b9-ad89-a388fa07f654
8b2fcc22-55f3-4d4c-9c5d-b2ffec93ba24,GAS,val,O/C,3d7583a8-3917-46b9-ad89-a388fa07f654
c902007a-1501-498f-910d-36318c56cf23,MGC,bln,%,3d7583a8-3917-46b9-ad89-a388fa07f654
02dd71ed-a58b-43b5-978c-1ad7c4c2975c,TMP,val,O/C,3d7583a8-3917-46b9-ad89-a388fa07f654
73e22db3-b8aa-4c67-ae05-0d2ba6f7d438,PRC,bln,%,3d7583a8-3917-46b9-ad89-a388fa07f654
237e7f9f-692d-4fbc-b8a5-2811b5c831c6,GAS,val,O/C,3d7583a8-3917-46b9-ad89-a388fa07f654
0dddd18a-276b-4c7f-8bc0-ac9b4cbba36f,TMP,val,O/C,3d7583a8-3917-46b9-ad89-a388fa07f654
251bdaf6-2e9d-42d1-b0ed-59450323e422,TMP,val,O/C,3d7583a8-3917-46b9-ad89-a388fa07f654
ab3012c8-ddae-4684-953f-beb296472ff2,PRS,bln,O/C,3d7583a8-3917-46b9-ad89-a388fa07f654
40a05299-55b1-4401-a6ab-de96539d433f,HMD,val,ppm,3d7583a8-3917-46b9-ad89-a388fa07f654
372e52a7-9934-498c-95e2-eab385e7533e,LIT,val,lm,3d7583a8-3917-46b9-ad89-a388fa07f654
47295164-f819-4896-afd9-f78421f562e1,TMP,val,O/C,3d7583a8-3917-46b9-ad89-a388fa07f654
4954bfd0-7cc8-4662-9b30-c526d8922530,TMP,val,O/C,3d7583a8-3917-46b9-ad89-a388fa07f654
db0bc7c2-a698-448e-8175-82550cd72ca0,LIT,val,lm,3d7583a8-3917-46b9-ad89-a388fa07f654
1203b8fd-e308-4270-97d7-d83c35cd6d77,LVL,val,0C,3d7583a8-3917-46b9-ad89-a388fa07f654
218c17e7-6f2c-4977-8ca7-0c8d2b3eced5,LIT,val,lm,3d7583a8-3917-46b9-ad89-a388fa07f654
44ab6569-a7b3-4d23-bb34-4b35b75883be,PRC,bln,%,3d7583a8-3917-46b9-ad89-a388fa07f654
257a8a91-2b44-41c9-ab18-b2e31d1384c1,PRC,bln,%,3d7583a8-3917-46b9-ad89-a388fa07f654
0829ea5b-ce17-4d90-b0bf-225e1ce3aa05,GAS,val,O/C,3d7583a8-3917-46b9-ad89-a388fa07f654
5b4d4e86-488e-4d21-86c8-b53e98d77c83,PRC,bln,%,3d7583a8-3917-46b9-ad89-a388fa07f654
9ddb7bc0-7781-4ecb-9e42-c5e91f28008a,LIT,val,lm,2b559d72-3a9e-43e7-bd21-008d96eee3cb
4916ea9d-3147-4c2d-983e-13b50cbbf3d0,PRS,bln,O/C,2b559d72-3a9e-43e7-bd21-008d96eee3cb
caf56ebb-1beb-4f95-924a-5c0506e9a0e2,LVL,val,0C,2b559d72-3a9e-43e7-bd21-008d96eee3cb
c9007448-00f0-445f-852f-3d5c694a112f,MGC,bln,%,2b559d72-3a9e-43e7-bd21-008d96eee3cb
25b2193d-aca9-4914-b241-3806f27109bb,PRC,bln,%,2b559d72-3a9e-43e7-bd21-008d96eee3cb
c6c145b4-5ead-4755-865b-c18ce121eeaa,LIT,val,lm,2b559d72-3a9e-43e7-bd21-008d96eee3cb
8dd4bf6c-9a7d-4530-ad55-579f0dd66162,HMD,val,ppm,2b559d72-3a9e-43e7-bd21-008d96eee3cb
ebe7c6dd-6d37-4978-881b-ac87a3706a9f,PRS,bln,O/C,2b559d72-3a9e-43e7-bd21-008d96eee3cb
ce9a26b7-ed8b-41a5-a3df-2b9ceb1ff454,LVL,val,0C,2b559d72-3a9e-43e7-bd21-008d96eee3cb
d35cce25-3f60-4378-a64b-71914ce60d61,PRC,bln,%,2b559d72-3a9e-43e7-bd21-008d96eee3cb
82867580-dae7-4fc8-a03e-0951b4263db1,TMP,val,O/C,2b559d72-3a9e-43e7-bd21-008d96eee3cb
bcda8541-815d-4982-a407-fe0f338fbb6f,TMP,val,O/C,2b559d72-3a9e-43e7-bd21-008d96eee3cb
cf733c92-af87-461e-a8ec-43d409ba95b8,GAS,val,O/C,2b559d72-3a9e-43e7-bd21-008d96eee3cb
431833cb-2aaf-40ac-9ad1-aaebfd173ac9,LIT,val,lm,2b559d72-3a9e-43e7-bd21-008d96eee3cb
7f0c9ce7-fe9c-4c8e-9400-0af65302f548,GAS,val,O/C,2b559d72-3a9e-43e7-bd21-008d96eee3cb
b5f9474a-185c-4e00-bb4a-17ac8f651598,GAS,val,O/C,2b559d72-3a9e-43e7-bd21-008d96eee3cb
e7543e83-8449-4e21-98fa-11d99ee15bda,LIT,val,lm,2b559d72-3a9e-43e7-bd21-008d96eee3cb
b5f11eaf-452c-4755-b9f2-4221caef260a,LIT,val,lm,2b559d72-3a9e-43e7-bd21-008d96eee3cb
b75e506f-2da2-4bea-a718-b589f319ddbb,LVL,val,0C,2b559d72-3a9e-43e7-bd21-008d96eee3cb
fb653ef1-bd0c-49cc-8f63-808ab41feba5,TMP,val,O/C,2b559d72-3a9e-43e7-bd21-008d96eee3cb
a0e58e97-99d7-4587-aab9-be26fafd345e,LIT,val,lm,2b559d72-3a9e-43e7-bd21-008d96eee3cb
e0f62823-ec7f-4e2c-a88d-24ca0c2043af,MGC,bln,%,2b559d72-3a9e-43e7-bd21-008d96eee3cb
89f9583a-1e24-4b38-877f-5f83e8cef969,GAS,val,O/C,2b559d72-3a9e-43e7-bd21-008d96eee3cb
16b1366a-1124-40bc-acb1-57118aa3bb89,LVL,val,0C,2b559d72-3a9e-43e7-bd21-008d96eee3cb
9215f62c-fdc4-4ab1-894b-77ab942e37b9,GAS,val,O/C,2b559d72-3a9e-43e7-bd21-008d96eee3cb
6fb7da8b-54e2-416d-8176-4cdac4ee347c,LIT,val,lm,2b559d72-3a9e-43e7-bd21-008d96eee3cb
5f6fa417-cb3a-4326-9d24-5f6062f04e58,LIT,val,lm,2b559d72-3a9e-43e7-bd21-008d96eee3cb
5bcea977-4a9e-4280-b1e9-a923e5a5379b,GAS,val,O/C,2b559d72-3a9e-43e7-bd21-008d96eee3cb
5c920ff4-6932-46e3-873d-9a12db9ee1d5,TMP,val,O/C,2b559d72-3a9e-43e7-bd21-008d96eee3cb
02fa23c0-783d-439a-9d76-0630094ce581,HMD,val,ppm,2b559d72-3a9e-43e7-bd21-008d96eee3cb
c740ce9d-63e0-4081-bfdb-7c8dc28b3926,PRS,bln,O/C,2b559d72-3a9e-43e7-bd21-008d96eee3cb
080c141a-ebe3-4b9c-b9e5-0aa2d4658226,PRC,bln,%,2b559d72-3a9e-43e7-bd21-008d96eee3cb
5ba11221-09f6-4f17-88f7-bbbe24b2a2a4,HMD,val,ppm,2b559d72-3a9e-43e7-bd21-008d96eee3cb
bae82715-6c0b-45d4-82e1-0351999f6425,TMP,val,O/C,2b559d72-3a9e-43e7-bd21-008d96eee3cb
c1f55c35-d249-46f5-b777-b7ff66af30e7,GAS,val,O/C,2b559d72-3a9e-43e7-bd21-008d96eee3cb
090ef2b7-44e6-4378-b478-5f34b7971c46,LIT,val,lm,2b559d72-3a9e-43e7-bd21-008d96eee3cb
9204d866-3d2c-4ddb-bece-a8148d2588bb,LVL,val,0C,2b559d72-3a9e-43e7-bd21-008d96eee3cb
d977215c-fbd9-4477-87ad-c9b4e411c2a5,PRC,bln,%,2b559d72-3a9e-43e7-bd21-008d96eee3cb
50ba4c93-fbcc-4487-8395-0c8c96e65665,LVL,val,0C,aec3ac22-2a5d-4bd7-9c96-5aa9091be10b
f03ca3a8-6a9d-4d91-8258-06831d2d5082,LIT,val,lm,aec3ac22-2a5d-4bd7-9c96-5aa9091be10b
948f97e7-a875-40e4-b182-765ffb899318,LIT,val,lm,aec3ac22-2a5d-4bd7-9c96-5aa9091be10b
f30b79f8-02be-41b2-b67d-670b4f122abd,LVL,val,0C,aec3ac22-2a5d-4bd7-9c96-5aa9091be10b
f74fccb8-cc4f-45b5-a91b-01be21fa0168,MGC,bln,%,aec3ac22-2a5d-4bd7-9c96-5aa9091be10b
733e1dcf-63a8-489c-9070-9b93193f09b9,HMD,val,ppm,aec3ac22-2a5d-4bd7-9c96-5aa9091be10b
c661d61e-9e23-4593-8fa5-48660e5751dd,PRC,bln,%,aec3ac22-2a5d-4bd7-9c96-5aa9091be10b
fe2fd955-9574-4407-8951-2dc9affbf357,MGC,bln,%,aec3ac22-2a5d-4bd7-9c96-5aa9091be10b
85fed7cb-9691-44c3-9e22-ac117c62af92,LIT,val,lm,aec3ac22-2a5d-4bd7-9c96-5aa9091be10b
cae81a39-4253-4235-b3e5-7aae0a839c95,TMP,val,O/C,aec3ac22-2a5d-4bd7-9c96-5aa9091be10b
987c3e4c-132f-4dd0-9132-b2d7fb00675e,LVL,val,0C,aec3ac22-2a5d-4bd7-9c96-5aa9091be10b
3a1c6c59-1b32-417a-b3ea-8c66d45cbd47,HMD,val,ppm,aec3ac22-2a5d-4bd7-9c96-5aa9091be10b
0c079c49-1709-40c5-a6ff-5ac5cc385568,MGC,bln,%,aec3ac22-2a5d-4bd7-9c96-5aa9091be10b
c73bd57e-63e5-4327-96da-b5c5feaa2947,LVL,val,0C,aec3ac22-2a5d-4bd7-9c96-5aa9091be10b
5fa6bc82-5fd5-437b-9635-7834d7131372,TMP,val,O/C,aec3ac22-2a5d-4bd7-9c96-5aa9091be10b
72b7b99a-2826-408b-a038-4bfd625ef982,HMD,val,ppm,aec3ac22-2a5d-4bd7-9c96-5aa9091be10b
6306a863-e8ff-435b-b0ff-77f9aadbb48f,LIT,val,lm,aec3ac22-2a5d-4bd7-9c96-5aa9091be10b
7d67ef61-675e-491c-8d70-8215ee59810c,PRS,bln,O/C,aec3ac22-2a5d-4bd7-9c96-5aa9091be10b
68d2ad6c-3c13-456f-ba92-e11074306bde,GAS,val,O/C,aec3ac22-2a5d-4bd7-9c96-5aa9091be10b
24f293dc-8359-4ea5-9363-985e32f725df,LVL,val,0C,aec3ac22-2a5d-4bd7-9c96-5aa9091be10b
d1ef28f2-3062-4c5c-bc24-5c125b3a0e76,HMD,val,ppm,aec3ac22-2a5d-4bd7-9c96-5aa9091be10b
827c8852-c7f5-4867-b803-683399585950,HMD,val,ppm,aec3ac22-2a5d-4bd7-9c96-5aa9091be10b
b4b98dd2-bd5a-4e4a-8bc0-d66d3c4c2173,MGC,bln,%,aec3ac22-2a5d-4bd7-9c96-5aa9091be10b
b77dbf3e-8e1b-4deb-995f-8965eda37209,HMD,val,ppm,aec3ac22-2a5d-4bd7-9c96-5aa9091be10b
9034252c-6834-477f-98ec-34a83f59ccce,LIT,val,lm,aec3ac22-2a5d-4bd7-9c96-5aa9091be10b
1250fcd8-cfed-4abe-8dee-14f830464639,LIT,val,lm,aec3ac22-2a5d-4bd7-9c96-5aa9091be10b
ddc001e0-83d4-42c9-a7a7-7c29db00b657,MGC,bln,%,aec3ac22-2a5d-4bd7-9c96-5aa9091be10b
8cf77862-7b4c-44c3-a0b5-4c1f5d3f2be2,GAS,val,O/C,aec3ac22-2a5d-4bd7-9c96-5aa9091be10b
a98f13b8-edda-4e45-8290-a5ccb70ddc38,LVL,val,0C,aec3ac22-2a5d-4bd7-9c96-5aa9091be10b
d965848c-4cc6-409c-9129-138d644eea70,MGC,bln,%,aec3ac22-2a5d-4bd7-9c96-5aa9091be10b
f55b4533-aefb-4c08-8c32-1a130c90e148,HMD,val,ppm,aec3ac22-2a5d-4bd7-9c96-5aa9091be10b
4138cd7a-4bde-4457-ae68-558a3c3329ca,MGC,bln,%,aec3ac22-2a5d-4bd7-9c96-5aa9091be10b
0b9ed708-2aea-456b-802e-3acf79eddbeb,TMP,val,O/C,aec3ac22-2a5d-4bd7-9c96-5aa9091be10b
5688beba-f0e0-47a4-bd63-e67e9d7ff8b0,LIT,val,lm,aec3ac22-2a5d-4bd7-9c96-5aa9091be10b
d0cc5a4a-3038-4bf9-af04-d92b7bcc3e3b,TMP,val,O/C,aec3ac22-2a5d-4bd7-9c96-5aa9091be10b
da1108a2-6504-478a-9a0d-a079fde0978a,MGC,bln,%,a06d2263-207e-4679-8785-998c68e2c8f4
ea0e02bb-54a9-4052-a36e-c8aaeb8eafd2,TMP,val,O/C,a06d2263-207e-4679-8785-998c68e2c8f4
02812083-b4b7-4867-a85b-cf66df4dd262,LIT,val,lm,a06d2263-207e-4679-8785-998c68e2c8f4
082ccee1-51b2-46cd-bc59-1e311c2064b0,PRC,bln,%,a06d2263-207e-4679-8785-998c68e2c8f4
4f459820-9f1c-451a-9753-2cde9302b051,MGC,bln,%,a06d2263-207e-4679-8785-998c68e2c8f4
c42821b8-dd5c-4482-9591-bce2bcb5a94f,LIT,val,lm,a06d2263-207e-4679-8785-998c68e2c8f4
5ab70cd2-5a1a-41df-a84c-e9c17e4685d6,PRS,bln,O/C,a06d2263-207e-4679-8785-998c68e2c8f4
4a246c0e-ac99-4136-a3b3-70e56c07e238,PRS,bln,O/C,a06d2263-207e-4679-8785-998c68e2c8f4
09c09f6b-c526-4083-9a99-bd6b8d33d4ce,LVL,val,0C,a06d2263-207e-4679-8785-998c68e2c8f4
8f09a329-dfa4-41c3-b69b-7d0bfa155fa8,HMD,val,ppm,a06d2263-207e-4679-8785-998c68e2c8f4
18c8b452-6440-4ebe-9bad-9b4ef0ac316c,PRC,bln,%,a06d2263-207e-4679-8785-998c68e2c8f4
d5f6fd80-28c5-4b9c-96c0-7c87b9f04d68,LIT,val,lm,a06d2263-207e-4679-8785-998c68e2c8f4
730cf825-fbf4-43c0-9c94-ad8b45c4009e,PRS,bln,O/C,a06d2263-207e-4679-8785-998c68e2c8f4
a07a4d0a-ffda-4389-9ab2-6e37bff0b0b6,LIT,val,lm,a06d2263-207e-4679-8785-998c68e2c8f4
d6da2ec8-22c0-4863-82d1-ce8b217da666,PRC,bln,%,a06d2263-207e-4679-8785-998c68e2c8f4
10c156ad-0446-4b82-bd3d-88627876e6fe,LIT,val,lm,a06d2263-207e-4679-8785-998c68e2c8f4
8a35afb8-bf5c-4da9-93fb-cbc5f08575a6,LVL,val,0C,a06d2263-207e-4679-8785-998c68e2c8f4
32796779-5bed-4950-a9ea-e710f1c441ba,LVL,val,0C,a06d2263-207e-4679-8785-998c68e2c8f4
54b1a43c-dba0-4ae3-a12c-be00b6406205,PRS,bln,O/C,a06d2263-207e-4679-8785-998c68e2c8f4
0bbfcd99-1c44-4c54-833f-29b5fde57707,HMD,val,ppm,a06d2263-207e-4679-8785-998c68e2c8f4
edd5ceef-debc-40e8-9211-126b80f9a5dd,LVL,val,0C,a06d2263-207e-4679-8785-998c68e2c8f4
08c3db68-9378-4f25-a1f2-9b304e49bcd3,PRS,bln,O/C,a06d2263-207e-4679-8785-998c68e2c8f4
716407cd-e709-4223-809d-2dab80a52968,PRS,bln,O/C,a06d2263-207e-4679-8785-998c68e2c8f4
c599f2c0-e31b-4b07-99fc-ea6b6a345a8c,HMD,val,ppm,a06d2263-207e-4679-8785-998c68e2c8f4
8a40283c-63cd-4e3f-ad3c-243a8d1fabd0,HMD,val,ppm,a06d2263-207e-4679-8785-998c68e2c8f4
840f7873-66ad-416a-8ce6-3d4b5fc39f40,LIT,val,lm,a06d2263-207e-4679-8785-998c68e2c8f4
6d270126-4918-4fc3-88c3-9fa738a75930,LIT,val,lm,a06d2263-207e-4679-8785-998c68e2c8f4
198efa83-7ce2-45df-95dd-a4339cb77e61,LVL,val,0C,a06d2263-207e-4679-8785-998c68e2c8f4
f49c1b08-644f-49be-8c5b-f5f75894e11d,PRS,bln,O/C,a06d2263-207e-4679-8785-998c68e2c8f4
fe98edfd-f4f9-47ad-bdec-f8d63ec46869,PRS,bln,O/C,a06d2263-207e-4679-8785-998c68e2c8f4
ab51ec29-694e-42d1-94ee-cadf38064dd8,PRS,bln,O/C,a06d2263-207e-4679-8785-998c68e2c8f4
7792dec3-fcf1-4df7-b913-6a0902a9abfe,TMP,val,O/C,a06d2263-207e-4679-8785-998c68e2c8f4
acba3fca-1db3-4a82-b876-7400169c9796,LIT,val,lm,a06d2263-207e-4679-8785-998c68e2c8f4
f162e874-5fa8-482e-918d-ba7f16dbc17c,HMD,val,ppm,a06d2263-207e-4679-8785-998c68e2c8f4
56ad1653-d196-4801-a386-377e693d65e6,PRS,bln,O/C,a06d2263-207e-4679-8785-998c68e2c8f4
15c54f1f-7254-4fc2-9f3b-e19843fecdd2,MGC,bln,%,a06d2263-207e-4679-8785-998c68e2c8f4
af544f3a-0457-4f81-9f0b-b874649f9a3e,GAS,val,O/C,a06d2263-207e-4679-8785-998c68e2c8f4
463b4c0d-7c17-456a-a335-9769537a595d,PRS,bln,O/C,a06d2263-207e-4679-8785-998c68e2c8f4
b40c3290-92b5-490c-bd57-df679d0aa7bc,TMP,val,O/C,a06d2263-207e-4679-8785-998c68e2c8f4
fd1aaefb-9945-4b00-a928-7a79f5e1edb6,TMP,val,O/C,a06d2263-207e-4679-8785-998c68e2c8f4
1d88fe14-d5b1-4f2c-8694-2d0d9f6892c8,PRS,bln,O/C,a06d2263-207e-4679-8785-998c68e2c8f4
c50f8d85-c507-4cca-b601-d6d6419383fc,LIT,val,lm,a06d2263-207e-4679-8785-998c68e2c8f4
a35677e3-b088-4fb2-a170-0da98a0e0815,GAS,val,O/C,1026981a-daa3-46b6-b597-eb63e6763ee6
203d21f0-8a5d-43d0-82eb-408ee53562e8,GAS,val,O/C,1026981a-daa3-46b6-b597-eb63e6763ee6
bcc5ee84-058e-4e18-bc43-991b26e83f6e,TMP,val,O/C,1026981a-daa3-46b6-b597-eb63e6763ee6
b8d3b415-5c2f-44df-9baa-a5637832c84e,HMD,val,ppm,1026981a-daa3-46b6-b597-eb63e6763ee6
5c016fd0-4550-4945-87f8-be14d622a00e,HMD,val,ppm,1026981a-daa3-46b6-b597-eb63e6763ee6
a09c87cc-5f14-4e75-bb5b-3061a33e285e,GAS,val,O/C,1026981a-daa3-46b6-b597-eb63e6763ee6
adb1619c-5908-44f4-99e9-a2eeb562d3fc,LIT,val,lm,1026981a-daa3-46b6-b597-eb63e6763ee6
5f66d554-57b9-4eb4-aa00-51114220b524,LIT,val,lm,1026981a-daa3-46b6-b597-eb63e6763ee6
c3e9e676-2b04-4328-b12f-93d3936c1793,HMD,val,ppm,1026981a-daa3-46b6-b597-eb63e6763ee6
31d3180e-0215-4aa0-98b7-35ae50db7595,TMP,val,O/C,1026981a-daa3-46b6-b597-eb63e6763ee6
683d7281-1a41-4661-9ca3-aa8f466f3021,HMD,val,ppm,1026981a-daa3-46b6-b597-eb63e6763ee6
cf37d9ae-358a-4383-9390-0dc7f83af41f,LIT,val,lm,1026981a-daa3-46b6-b597-eb63e6763ee6
f72fa3d1-9288-4ac5-b284-123d61091734,LVL,val,0C,1026981a-daa3-46b6-b597-eb63e6763ee6
e4431a83-ffc1-454a-be21-8205f8c09405,TMP,val,O/C,1026981a-daa3-46b6-b597-eb63e6763ee6
0a9764e4-936a-455d-a66c-8f6640ee1ded,PRS,bln,O/C,1026981a-daa3-46b6-b597-eb63e6763ee6
804fc0ab-321c-433a-9ba7-04b9adaead84,PRC,bln,%,1026981a-daa3-46b6-b597-eb63e6763ee6
69b85b1a-69ad-44d7-b38e-559bc6f2412e,LIT,val,lm,1026981a-daa3-46b6-b597-eb63e6763ee6
54e9af6c-7536-466e-9a86-f060abb5ee0d,TMP,val,O/C,1026981a-daa3-46b6-b597-eb63e6763ee6
fad2b638-3a79-4348-941f-de804714d194,LIT,val,lm,1026981a-daa3-46b6-b597-eb63e6763ee6
26f14785-4254-4fb5-ac99-920be76a62e3,PRC,bln,%,1026981a-daa3-46b6-b597-eb63e6763ee6
21e309b2-1431-47e9-9307-e29dd0839cd8,GAS,val,O/C,1026981a-daa3-46b6-b597-eb63e6763ee6
2fcc4d97-f281-4375-bdf3-6cb22e139e19,GAS,val,O/C,1026981a-daa3-46b6-b597-eb63e6763ee6
95ffefca-286a-426c-a5bb-4ae2f5a794da,LVL,val,0C,1026981a-daa3-46b6-b597-eb63e6763ee6
663fc4de-2e86-4a71-bac7-f773be9fd902,TMP,val,O/C,1026981a-daa3-46b6-b597-eb63e6763ee6
33cbbbd2-17e2-47fe-a1f3-d7aadbfd06bf,LVL,val,0C,1026981a-daa3-46b6-b597-eb63e6763ee6
1a631338-78b6-4b92-ab66-3b3d3514ec0f,LVL,val,0C,1026981a-daa3-46b6-b597-eb63e6763ee6
4f88154e-c415-4318-a4fc-72b2a2bc0198,MGC,bln,%,1026981a-daa3-46b6-b597-eb63e6763ee6
28f28e76-01af-4402-bdc3-11bca89b4f85,PRC,bln,%,1026981a-daa3-46b6-b597-eb63e6763ee6
fc3ba431-5f71-4396-8fb4-fc0fdf0a22ed,GAS,val,O/C,1026981a-daa3-46b6-b597-eb63e6763ee6
b8052abb-cc16-4d64-a880-b473f460d9b6,LVL,val,0C,1026981a-daa3-46b6-b597-eb63e6763ee6
fb8aebbc-e54c-4a0b-8700-ae1cdb9d216b,PRC,bln,%,1026981a-daa3-46b6-b597-eb63e6763ee6
da73d56d-bbcf-41f4-98c9-290eefe2d73d,GAS,val,O/C,1026981a-daa3-46b6-b597-eb63e6763ee6
a9acc8d1-1e51-4e2a-97a9-73892880689a,GAS,val,O/C,1026981a-daa3-46b6-b597-eb63e6763ee6
d7cb5d38-11e6-4fcb-bb1f-14b0cd531102,LIT,val,lm,1026981a-daa3-46b6-b597-eb63e6763ee6
e62d83c0-5648-4fb6-96b6-40724ee14fad,GAS,val,O/C,1026981a-daa3-46b6-b597-eb63e6763ee6
fe64317e-5d0f-4ab1-b8ed-b91d76545b4a,LIT,val,lm,1026981a-daa3-46b6-b597-eb63e6763ee6
b2e4d77f-8260-4c95-bc8b-169d5c38ea9f,TMP,val,O/C,1026981a-daa3-46b6-b597-eb63e6763ee6
14bf3ab1-1c22-4629-924e-91e3bd14bfcb,LIT,val,lm,1026981a-daa3-46b6-b597-eb63e6763ee6
f39603e4-b95a-4218-97f5-f3de7cf80075,PRS,bln,O/C,1026981a-daa3-46b6-b597-eb63e6763ee6
c4d1ee83-2a98-46d9-8ee4-80eeb33d921b,LIT,val,lm,1026981a-daa3-46b6-b597-eb63e6763ee6
f723affc-3d03-4966-95f6-d2c7e090c2e7,HMD,val,ppm,69adf6fc-fac6-4c3e-bb0c-eadd22a4d21f
d99bd1a5-5a4e-4155-b6a6-8f055ee662b2,GAS,val,O/C,69adf6fc-fac6-4c3e-bb0c-eadd22a4d21f
d267b2e1-4384-481e-8259-dd2c6aa2d80e,MGC,bln,%,69adf6fc-fac6-4c3e-bb0c-eadd22a4d21f
0ba7bbac-0f5c-4119-bf33-954fab696ac5,PRS,bln,O/C,69adf6fc-fac6-4c3e-bb0c-eadd22a4d21f
9dcc8afe-500d-4798-b66c-31c983b9febd,PRS,bln,O/C,69adf6fc-fac6-4c3e-bb0c-eadd22a4d21f
9ab72f1b-0927-420b-91f3-e665d548f2dd,LVL,val,0C,69adf6fc-fac6-4c3e-bb0c-eadd22a4d21f
f0af3099-1b2e-4ee2-b863-1704c09e5160,PRS,bln,O/C,69adf6fc-fac6-4c3e-bb0c-eadd22a4d21f
6c6d03bf-87ee-4b99-8328-d3cac961c684,TMP,val,O/C,69adf6fc-fac6-4c3e-bb0c-eadd22a4d21f
9339d533-52d3-4e1c-b989-2a325c0cf8b8,HMD,val,ppm,69adf6fc-fac6-4c3e-bb0c-eadd22a4d21f
174120fd-4684-4d1e-a2c1-372496228ec2,PRS,bln,O/C,69adf6fc-fac6-4c3e-bb0c-eadd22a4d21f
b0b25efe-a2d8-46ec-9ddc-381a952572fd,PRC,bln,%,69adf6fc-fac6-4c3e-bb0c-eadd22a4d21f
1022d16a-7650-4a9f-bfad-29f734b32af0,MGC,bln,%,69adf6fc-fac6-4c3e-bb0c-eadd22a4d21f
b9d82527-4602-45fc-bbab-bd648388597a,PRS,bln,O/C,69adf6fc-fac6-4c3e-bb0c-eadd22a4d21f
ec4b534f-8ddc-41d5-93ed-eda667a0086f,MGC,bln,%,69adf6fc-fac6-4c3e-bb0c-eadd22a4d21f
f5f8bb6b-3b91-4ff3-b104-a9641d6eb498,PRS,bln,O/C,69adf6fc-fac6-4c3e-bb0c-eadd22a4d21f
afd18b33-624b-45b3-bfca-dd7cce75d4d0,LVL,val,0C,69adf6fc-fac6-4c3e-bb0c-eadd22a4d21f
ffab8def-1a3c-45b6-9fc1-097927fbef08,PRS,bln,O/C,69adf6fc-fac6-4c3e-bb0c-eadd22a4d21f
837fbb30-5e0c-4a2a-8d99-616176992a13,GAS,val,O/C,69adf6fc-fac6-4c3e-bb0c-eadd22a4d21f
8fc6c67d-5e0e-48a4-ae3b-a3bd7500dbb4,PRS,bln,O/C,69adf6fc-fac6-4c3e-bb0c-eadd22a4d21f
e1a247de-080c-479d-8ed8-707f3ce9b007,TMP,val,O/C,69adf6fc-fac6-4c3e-bb0c-eadd22a4d21f
f9f35cb5-4def-4625-a74c-17b308060544,PRS,bln,O/C,69adf6fc-fac6-4c3e-bb0c-eadd22a4d21f
b69d19dc-d7dd-4475-afd1-20da4b031824,TMP,val,O/C,69adf6fc-fac6-4c3e-bb0c-eadd22a4d21f
aa0e19ca-3a90-4901-a049-477a738d773c,PRS,bln,O/C,69adf6fc-fac6-4c3e-bb0c-eadd22a4d21f
c28975ba-334d-47a6-8184-a99b756958a3,MGC,bln,%,69adf6fc-fac6-4c3e-bb0c-eadd22a4d21f
cf84b615-e502-4c3f-a6aa-395a53b2ba5f,PRS,bln,O/C,69adf6fc-fac6-4c3e-bb0c-eadd22a4d21f
3774a03d-14b8-4409-88df-1d47372149dc,HMD,val,ppm,69adf6fc-fac6-4c3e-bb0c-eadd22a4d21f
2fcc7971-728c-4e44-9f36-fdc21f95d59a,LIT,val,lm,69adf6fc-fac6-4c3e-bb0c-eadd22a4d21f
14ae73a2-24dd-46fc-b295-a0a75e7cd396,TMP,val,O/C,69adf6fc-fac6-4c3e-bb0c-eadd22a4d21f
b31851c6-98d0-4506-a7fd-9b5f1d580890,PRS,bln,O/C,69adf6fc-fac6-4c3e-bb0c-eadd22a4d21f
f57428ef-6a66-4b4f-9803-9bff89269401,TMP,val,O/C,69adf6fc-fac6-4c3e-bb0c-eadd22a4d21f
ae94334f-6aa0-4c32-9f10-134af344c531,TMP,val,O/C,69adf6fc-fac6-4c3e-bb0c-eadd22a4d21f
96a5d081-4322-455c-ab0e-646a2d65a195,HMD,val,ppm,69adf6fc-fac6-4c3e-bb0c-eadd22a4d21f
bc915fad-3b63-460d-8178-f8f5ac7b4dc7,LIT,val,lm,69adf6fc-fac6-4c3e-bb0c-eadd22a4d21f
616312f1-6fe5-424d-a03d-9cefb4bb6b6d,HMD,val,ppm,69adf6fc-fac6-4c3e-bb0c-eadd22a4d21f
b01863ea-1739-4c24-9300-f46312c4555e,TMP,val,O/C,69adf6fc-fac6-4c3e-bb0c-eadd22a4d21f
50b155cf-0e89-4f70-beef-5884685b1634,PRS,bln,O/C,69adf6fc-fac6-4c3e-bb0c-eadd22a4d21f
00041244-1216-4384-b167-b5dc736788f8,HMD,val,ppm,69adf6fc-fac6-4c3e-bb0c-eadd22a4d21f
3274420b-6c4c-4d70-ad2d-7fddd1a036c2,LVL,val,0C,69adf6fc-fac6-4c3e-bb0c-eadd22a4d21f
b5bece3b-a4b1-45d1-b968-c656477e9e51,MGC,bln,%,69adf6fc-fac6-4c3e-bb0c-eadd22a4d21f
a2ed1d36-0d54-46e7-8aa3-905896b04835,MGC,bln,%,69adf6fc-fac6-4c3e-bb0c-eadd22a4d21f
870adc79-d084-49b3-ac7e-c6d65004b7d8,PRS,bln,O/C,69adf6fc-fac6-4c3e-bb0c-eadd22a4d21f
e2f35a81-089d-445e-b433-eccbd567275f,MGC,bln,%,69adf6fc-fac6-4c3e-bb0c-eadd22a4d21f
b96b0281-d7da-4484-b24c-3d09596d96c7,MGC,bln,%,69adf6fc-fac6-4c3e-bb0c-eadd22a4d21f
a7bea833-9341-4644-a088-ba35671d1c78,PRS,bln,O/C,69adf6fc-fac6-4c3e-bb0c-eadd22a4d21f
451d131b-c717-4ea5-bf5b-9e342b2d5415,GAS,val,O/C,10f91686-bbab-42ce-8a26-a66202e38c88
92c23f6a-33ad-4084-b1d8-bec78211562e,MGC,bln,%,10f91686-bbab-42ce-8a26-a66202e38c88
c3dcf872-df9a-494a-b8f7-597c09e095da,LIT,val,lm,10f91686-bbab-42ce-8a26-a66202e38c88
a126f08c-ea17-43f7-83d9-c9ec076af827,TMP,val,O/C,10f91686-bbab-42ce-8a26-a66202e38c88
a278ad60-a830-4c33-a8ab-f11dea306f04,TMP,val,O/C,10f91686-bbab-42ce-8a26-a66202e38c88
4db143ef-2c85-43ad-a1b1-293b269fa39b,PRS,bln,O/C,10f91686-bbab-42ce-8a26-a66202e38c88
9d55f759-2f0c-4db3-a7bb-aef59b0dd7a4,MGC,bln,%,10f91686-bbab-42ce-8a26-a66202e38c88
0cd94fb2-1ba1-4888-8e0e-9f5b675ba978,LVL,val,0C,10f91686-bbab-42ce-8a26-a66202e38c88
2fd204fb-a52a-490b-94a9-ab64bff55daa,PRS,bln,O/C,10f91686-bbab-42ce-8a26-a66202e38c88
d0ddacdb-c5e0-4812-a7d9-41a683990fc7,TMP,val,O/C,10f91686-bbab-42ce-8a26-a66202e38c88
db7a01cd-a66b-47ca-807a-069ce44c6cd3,PRS,bln,O/C,10f91686-bbab-42ce-8a26-a66202e38c88
00301ce8-aa86-436e-bced-30d6baa994b3,LIT,val,lm,10f91686-bbab-42ce-8a26-a66202e38c88
b248f5b9-11ce-4048-be0b-3394d0692dbd,LIT,val,lm,10f91686-bbab-42ce-8a26-a66202e38c88
3086156a-865f-48ce-87f6-11bc3cea7f64,TMP,val,O/C,10f91686-bbab-42ce-8a26-a66202e38c88
a9eb4585-9c2b-42ee-ac2b-a8d3a753493a,PRS,bln,O/C,10f91686-bbab-42ce-8a26-a66202e38c88
51958481-2c2c-4329-88a7-620d60785378,LIT,val,lm,10f91686-bbab-42ce-8a26-a66202e38c88
0a79e2fe-dbc4-4e09-9aa2-aed9acb3682f,TMP,val,O/C,10f91686-bbab-42ce-8a26-a66202e38c88
6521b2d0-8832-496f-b437-02156aee9483,HMD,val,ppm,10f91686-bbab-42ce-8a26-a66202e38c88
61fb8fd5-c145-414d-83ee-b37644e443e5,MGC,bln,%,10f91686-bbab-42ce-8a26-a66202e38c88
dc36d76c-963b-4de3-a1ef-c850e6746d7a,LIT,val,lm,10f91686-bbab-42ce-8a26-a66202e38c88
7c730635-5b06-4872-adb0-11462a73eaa7,LIT,val,lm,10f91686-bbab-42ce-8a26-a66202e38c88
01e04ea8-2dbe-4365-a40e-40c84452d157,TMP,val,O/C,10f91686-bbab-42ce-8a26-a66202e38c88
baf349d0-d5bc-44eb-a8d9-4647861f0140,TMP,val,O/C,10f91686-bbab-42ce-8a26-a66202e38c88
39f044cf-7a17-4a5e-8a06-a024dc6aa4bf,HMD,val,ppm,10f91686-bbab-42ce-8a26-a66202e38c88
a925a363-ef6d-4e19-b1a0-10e2c7db1d19,GAS,val,O/C,10f91686-bbab-42ce-8a26-a66202e38c88
190b4742-ab09-4bb5-aea5-3be3202cacc8,HMD,val,ppm,10f91686-bbab-42ce-8a26-a66202e38c88
8f8647fc-b120-4014-a78c-d7b64b220eb1,GAS,val,O/C,10f91686-bbab-42ce-8a26-a66202e38c88
fae72fe7-bb27-4486-8fb7-ced5e6cb2789,TMP,val,O/C,10f91686-bbab-42ce-8a26-a66202e38c88
e785abb9-5a11-478c-a1c2-9c7b67c57e53,TMP,val,O/C,10f91686-bbab-42ce-8a26-a66202e38c88
ae0c9fbe-4106-49c4-ab72-295fa14a6951,PRC,bln,%,10f91686-bbab-42ce-8a26-a66202e38c88
381cf746-8e3f-4c9d-afe2-09d97907d8b7,LIT,val,lm,10f91686-bbab-42ce-8a26-a66202e38c88
fa858253-f72c-48cf-be22-dfa828d4b3f7,LIT,val,lm,10f91686-bbab-42ce-8a26-a66202e38c88
1b4a6a6c-c3c1-4a11-a152-8076593dc8c6,LIT,val,lm,10f91686-bbab-42ce-8a26-a66202e38c88
acaf5b9c-5162-4990-9d4e-bcac99bf3719,GAS,val,O/C,10f91686-bbab-42ce-8a26-a66202e38c88
922e3e28-ff0b-4ebd-a9d3-32744f2df61a,LVL,val,0C,10f91686-bbab-42ce-8a26-a66202e38c88
b38eac7b-9c7f-4e83-b756-f0775bc95a46,MGC,bln,%,10f91686-bbab-42ce-8a26-a66202e38c88
207cf203-1d96-48d3-820a-0aa041e9c21c,TMP,val,O/C,10f91686-bbab-42ce-8a26-a66202e38c88
d1388036-2bb4-41ac-9390-fc9926e6fbf5,GAS,val,O/C,10f91686-bbab-42ce-8a26-a66202e38c88
3a2de9c5-1f86-48c0-b51d-f01c51bbdb3f,MGC,bln,%,10f91686-bbab-42ce-8a26-a66202e38c88
59275884-2e50-450b-a49d-2d3e9cc0f371,GAS,val,O/C,10f91686-bbab-42ce-8a26-a66202e38c88
27f892e1-d038-418f-b688-5f83809682e6,LVL,val,0C,fabf8985-2382-4229-90ea-e35ccd22ae53
68a872f2-abfc-41c8-adfa-dcfff6a0fac1,LIT,val,lm,fabf8985-2382-4229-90ea-e35ccd22ae53
489aaa52-05a7-41d4-b444-8138d67ad90e,TMP,val,O/C,fabf8985-2382-4229-90ea-e35ccd22ae53
b3eb7b76-9101-4841-bb8e-2119885c3f11,MGC,bln,%,fabf8985-2382-4229-90ea-e35ccd22ae53
5b5d386b-3148-4074-85ea-330234676b30,TMP,val,O/C,fabf8985-2382-4229-90ea-e35ccd22ae53
2fae672a-19f7-4362-95b9-647c2b700dfa,TMP,val,O/C,fabf8985-2382-4229-90ea-e35ccd22ae53
1326d40a-5d5e-4355-97e0-3e5a9f62b7ce,PRS,bln,O/C,fabf8985-2382-4229-90ea-e35ccd22ae53
872b9270-6927-4e24-b063-9936efb8d149,PRS,bln,O/C,fabf8985-2382-4229-90ea-e35ccd22ae53
1bd1b3f8-ae37-4f33-911a-e9fa71bab5ae,PRS,bln,O/C,fabf8985-2382-4229-90ea-e35ccd22ae53
eeaad2d9-2cd7-4ecc-b95e-6ac0af357912,GAS,val,O/C,fabf8985-2382-4229-90ea-e35ccd22ae53
c7c0ee30-0a89-4897-93ea-ede5e29d0bdf,TMP,val,O/C,fabf8985-2382-4229-90ea-e35ccd22ae53
422e7eed-89a3-492d-b32a-b2917d7f123d,TMP,val,O/C,fabf8985-2382-4229-90ea-e35ccd22ae53
7aefb419-6df3-4537-bd7e-56162830d9ea,TMP,val,O/C,fabf8985-2382-4229-90ea-e35ccd22ae53
bd0b3c69-09f6-44ca-ae18-60b575bcb585,PRS,bln,O/C,fabf8985-2382-4229-90ea-e35ccd22ae53
79615622-e7b1-459f-9cac-a6ac0364dc48,LIT,val,lm,fabf8985-2382-4229-90ea-e35ccd22ae53
3305ae9c-8718-49a1-8245-0a4a1dcc5fb7,PRC,bln,%,fabf8985-2382-4229-90ea-e35ccd22ae53
565711bb-5e73-43af-a8d9-1de5a3fc1769,MGC,bln,%,fabf8985-2382-4229-90ea-e35ccd22ae53
c4c15505-0ce0-4590-a3c8-be1b3caa0341,TMP,val,O/C,fabf8985-2382-4229-90ea-e35ccd22ae53
2f342323-bd1b-4155-abd1-6673a0e87d39,HMD,val,ppm,fabf8985-2382-4229-90ea-e35ccd22ae53
5e8bc680-d979-4b79-bd7d-2db63896ca02,PRS,bln,O/C,fabf8985-2382-4229-90ea-e35ccd22ae53
93a04eff-0e33-4343-a95d-63bb84fc714c,TMP,val,O/C,fabf8985-2382-4229-90ea-e35ccd22ae53
415b8280-980f-48b8-a79b-5180770535a8,HMD,val,ppm,fabf8985-2382-4229-90ea-e35ccd22ae53
69822b9d-0c30-4120-a36f-37a754658422,LIT,val,lm,fabf8985-2382-4229-90ea-e35ccd22ae53
7e88cd00-1555-4b79-95f8-d9f2eeef7706,TMP,val,O/C,fabf8985-2382-4229-90ea-e35ccd22ae53
a40d4751-88e0-496e-bbd2-33b34ac65f2a,TMP,val,O/C,fabf8985-2382-4229-90ea-e35ccd22ae53
2826af72-c7cd-4b4f-bbbb-37731b91077b,MGC,bln,%,fabf8985-2382-4229-90ea-e35ccd22ae53
3a75d08f-87f5-4541-be02-122702569c73,GAS,val,O/C,fabf8985-2382-4229-90ea-e35ccd22ae53
548bcc8e-0a5c-4004-b749-1a55d72a880b,PRS,bln,O/C,fabf8985-2382-4229-90ea-e35ccd22ae53
49f9fda2-cc9f-47d2-bb42-312464870d3e,PRS,bln,O/C,fabf8985-2382-4229-90ea-e35ccd22ae53
415b38a5-6095-4ea8-af46-abbb2de578ad,LVL,val,0C,fabf8985-2382-4229-90ea-e35ccd22ae53
1d3021b9-9b0d-4b2e-a3c7-2b8915940d62,LVL,val,0C,fabf8985-2382-4229-90ea-e35ccd22ae53
2fde5933-ee47-4d9b-a1e1-5cd4ae7f8945,PRS,bln,O/C,fabf8985-2382-4229-90ea-e35ccd22ae53
1ab19dcf-c7d4-4888-898f-f3f2f3cb29f6,PRS,bln,O/C,fabf8985-2382-4229-90ea-e35ccd22ae53
d6a9e45b-2a29-418e-86b1-9b4b977ed313,LVL,val,0C,fabf8985-2382-4229-90ea-e35ccd22ae53
34d3e792-48b3-429d-b5e5-d2ea5d49d574,GAS,val,O/C,fabf8985-2382-4229-90ea-e35ccd22ae53
70a39bc3-afbb-4571-8eee-17deb496cae7,MGC,bln,%,fabf8985-2382-4229-90ea-e35ccd22ae53
018edab1-0e7b-4f02-9a41-0ab3724fc8b9,GAS,val,O/C,fabf8985-2382-4229-90ea-e35ccd22ae53
a883601e-b6a2-40d3-9379-681590efc853,TMP,val,O/C,fabf8985-2382-4229-90ea-e35ccd22ae53
1f555133-19b5-401e-8bd5-bb8fef4593c3,LIT,val,lm,934a4177-0756-42e0-8777-0887bc4fb39e
d969c2bb-0ca4-4053-b257-2126d0d4e9a7,TMP,val,O/C,934a4177-0756-42e0-8777-0887bc4fb39e
38df8353-94bc-4a5c-8a8d-df0a673a05eb,GAS,val,O/C,934a4177-0756-42e0-8777-0887bc4fb39e
19224440-f1eb-4a12-b79f-a3f5be721984,TMP,val,O/C,934a4177-0756-42e0-8777-0887bc4fb39e
63cdb623-6b11-463a-89f8-11e122cb921a,PRC,bln,%,934a4177-0756-42e0-8777-0887bc4fb39e
a0b84f71-05b6-49c9-9022-7ef331e64549,TMP,val,O/C,934a4177-0756-42e0-8777-0887bc4fb39e
0f0e459f-2fa5-4028-9394-49bd0ad43490,TMP,val,O/C,934a4177-0756-42e0-8777-0887bc4fb39e
e720e1dc-c742-416c-9ac2-3a3b95f4b90b,TMP,val,O/C,934a4177-0756-42e0-8777-0887bc4fb39e
644dd94c-8c12-4a14-873c-c597d4a38331,TMP,val,O/C,934a4177-0756-42e0-8777-0887bc4fb39e
8aed0dd1-b371-4347-b1da-a63eff39a55e,PRC,bln,%,934a4177-0756-42e0-8777-0887bc4fb39e
298c72c7-4487-4edf-bede-528bf26dfab3,HMD,val,ppm,934a4177-0756-42e0-8777-0887bc4fb39e
58a0f15e-e336-48c3-bfc8-3dfab647cb87,PRS,bln,O/C,934a4177-0756-42e0-8777-0887bc4fb39e
6fa5880f-0eba-415e-91d1-7c0f0db3dcd6,PRS,bln,O/C,934a4177-0756-42e0-8777-0887bc4fb39e
af07173a-a678-49dc-a5e9-5aa993261ab9,PRC,bln,%,934a4177-0756-42e0-8777-0887bc4fb39e
4b67378f-2494-4ac8-bf13-050679ba5aa6,PRS,bln,O/C,934a4177-0756-42e0-8777-0887bc4fb39e
278cdfc5-2986-4131-b6b4-ab2d3c0dca6d,LIT,val,lm,934a4177-0756-42e0-8777-0887bc4fb39e
2fd01bc0-68a3-463e-834a-c82ec38a4b33,TMP,val,O/C,934a4177-0756-42e0-8777-0887bc4fb39e
d571c960-b57f-4156-9829-457df9deb488,TMP,val,O/C,934a4177-0756-42e0-8777-0887bc4fb39e
b85b6f5f-9e25-4f10-b36b-326e289626d3,TMP,val,O/C,934a4177-0756-42e0-8777-0887bc4fb39e
65fe6cd6-3eee-42db-9b32-a0abd2e5d939,TMP,val,O/C,934a4177-0756-42e0-8777-0887bc4fb39e
dd891e88-dd82-4905-a151-3664b06dd72d,LVL,val,0C,934a4177-0756-42e0-8777-0887bc4fb39e
4cf96ef4-b088-4cfc-87ed-22787e26b10b,PRS,bln,O/C,934a4177-0756-42e0-8777-0887bc4fb39e
71d26a07-89e2-41c0-baa3-c0ae57c88b5f,TMP,val,O/C,934a4177-0756-42e0-8777-0887bc4fb39e
fd7075bc-922c-46ae-8b3c-315ba7a82188,LVL,val,0C,934a4177-0756-42e0-8777-0887bc4fb39e
547e728b-f2e0-4f7b-9c7b-e197b2e33a3c,LIT,val,lm,934a4177-0756-42e0-8777-0887bc4fb39e
fdd22183-638b-4eb1-8078-c274ca728a15,PRS,bln,O/C,934a4177-0756-42e0-8777-0887bc4fb39e
a30ba1ad-1b7a-46ee-97ed-5b7e4ae05606,LVL,val,0C,934a4177-0756-42e0-8777-0887bc4fb39e
05b7a02a-412a-4dcc-b1d3-736e1d9e6c08,TMP,val,O/C,934a4177-0756-42e0-8777-0887bc4fb39e
9e0882bd-3c9a-41c1-802a-7ab0e7bc3f7a,TMP,val,O/C,934a4177-0756-42e0-8777-0887bc4fb39e
5893907a-2008-4ed7-802e-f74a723c2665,TMP,val,O/C,934a4177-0756-42e0-8777-0887bc4fb39e
7a3881d4-f69d-4e0c-9d0f-a82ee213eb42,PRC,bln,%,934a4177-0756-42e0-8777-0887bc4fb39e
13705617-74c9-4b23-8fb6-daf3fc717dd7,MGC,bln,%,934a4177-0756-42e0-8777-0887bc4fb39e
13b16315-b832-4db6-8a6e-ec944bd85890,PRC,bln,%,934a4177-0756-42e0-8777-0887bc4fb39e
d053f12b-f823-4663-8ec8-c29043efbd94,TMP,val,O/C,934a4177-0756-42e0-8777-0887bc4fb39e
634d3de6-7380-4c97-8518-2f21950f4944,LIT,val,lm,934a4177-0756-42e0-8777-0887bc4fb39e
9bb456cb-df69-4e43-836e-e6a3cacb5650,LIT,val,lm,934a4177-0756-42e0-8777-0887bc4fb39e
232d2139-5679-45e8-9182-f6ed83b8d0ab,TMP,val,O/C,934a4177-0756-42e0-8777-0887bc4fb39e
78965b68-d147-4eef-b934-8c3afa2e08d8,PRC,bln,%,0d999ebc-6ca1-4f35-a313-8b7776356b59
f43faf4e-4749-4b73-8412-77c86711ea3e,PRC,bln,%,0d999ebc-6ca1-4f35-a313-8b7776356b59
e6873f56-16f4-4d0e-866b-a363575039db,LIT,val,lm,0d999ebc-6ca1-4f35-a313-8b7776356b59
93bdd7a5-12b7-432c-9da4-f95bfa6c8bc0,LIT,val,lm,0d999ebc-6ca1-4f35-a313-8b7776356b59
4973da52-64ac-4bfa-bbad-137e810a5ee7,PRC,bln,%,0d999ebc-6ca1-4f35-a313-8b7776356b59
dae0f589-3720-4996-a8c6-bcb4d6430f54,HMD,val,ppm,0d999ebc-6ca1-4f35-a313-8b7776356b59
0d4e0acf-58ea-42fc-85fa-a794b6184d49,HMD,val,ppm,0d999ebc-6ca1-4f35-a313-8b7776356b59
3afb172a-e51e-41ec-aafb-e5d3852d3370,TMP,val,O/C,0d999ebc-6ca1-4f35-a313-8b7776356b59
58ab5365-6052-44aa-b25e-edda8a5e9ee1,LIT,val,lm,0d999ebc-6ca1-4f35-a313-8b7776356b59
e8df3ac4-69ea-4b38-bf9b-3fdd29587d34,TMP,val,O/C,0d999ebc-6ca1-4f35-a313-8b7776356b59
13dd20a9-a7ab-4cd6-a23a-59cc51154351,PRC,bln,%,0d999ebc-6ca1-4f35-a313-8b7776356b59
c3b3cce5-2265-46b1-922a-9c00669530fb,LVL,val,0C,0d999ebc-6ca1-4f35-a313-8b7776356b59
65b4c932-db44-4d4f-9207-241e60b80e01,MGC,bln,%,0d999ebc-6ca1-4f35-a313-8b7776356b59
5fa790ab-2e58-4cb8-8e43-34c01da0f040,TMP,val,O/C,0d999ebc-6ca1-4f35-a313-8b7776356b59
a9946a38-9220-4652-82f2-6ee3cabb7776,PRS,bln,O/C,0d999ebc-6ca1-4f35-a313-8b7776356b59
1a6b3de3-a6d4-4f6c-9d4b-ebb2b973b111,MGC,bln,%,0d999ebc-6ca1-4f35-a313-8b7776356b59
5d7c1050-f9f4-4c8b-8c6a-52c259f19977,HMD,val,ppm,0d999ebc-6ca1-4f35-a313-8b7776356b59
3e6593b8-2c93-4801-9c66-c5ede9ed9ae8,LIT,val,lm,0d999ebc-6ca1-4f35-a313-8b7776356b59
a96713b1-9f36-4c81-914f-0f3de2b7272c,LVL,val,0C,0d999ebc-6ca1-4f35-a313-8b7776356b59
d725718e-d998-40b8-8331-7ea748bfe449,HMD,val,ppm,0d999ebc-6ca1-4f35-a313-8b7776356b59
1c41e72b-adf3-4c68-8d4c-cebce1595999,MGC,bln,%,0d999ebc-6ca1-4f35-a313-8b7776356b59
95ba7976-8ec6-4bc0-a969-4f4c0a9ad94f,PRC,bln,%,0d999ebc-6ca1-4f35-a313-8b7776356b59
87167b93-c033-4bf1-a201-bebc7922d785,MGC,bln,%,0d999ebc-6ca1-4f35-a313-8b7776356b59
9b307b00-2cbd-493f-bc9d-5d3835d9fa06,HMD,val,ppm,0d999ebc-6ca1-4f35-a313-8b7776356b59
f587ba3c-32e0-4858-8fb1-cfb62ea1b389,PRS,bln,O/C,0d999ebc-6ca1-4f35-a313-8b7776356b59
7a417004-289d-4527-ae71-d77814affe9c,PRS,bln,O/C,0d999ebc-6ca1-4f35-a313-8b7776356b59
db9b1df7-0758-48aa-a142-facdf94c0372,LIT,val,lm,0d999ebc-6ca1-4f35-a313-8b7776356b59
975cd63b-637d-45cb-952f-a73e12d1a9d3,PRS,bln,O/C,0d999ebc-6ca1-4f35-a313-8b7776356b59
6c62aaf8-faa8-441f-87e4-9d4161dd8ecc,MGC,bln,%,0d999ebc-6ca1-4f35-a313-8b7776356b59
06feb609-4be9-4fdf-8687-a0d72443a81d,HMD,val,ppm,0d999ebc-6ca1-4f35-a313-8b7776356b59
90d49a11-ddee-4197-ae48-fd14282b807e,TMP,val,O/C,0d999ebc-6ca1-4f35-a313-8b7776356b59
1fdd001f-08c1-479e-8a23-e551d17b942b,LIT,val,lm,0d999ebc-6ca1-4f35-a313-8b7776356b59
8a0ccf27-635d-423e-ba95-c5f21fa5da92,LIT,val,lm,0d999ebc-6ca1-4f35-a313-8b7776356b59
1b812696-f884-4d4d-b8aa-d478f3a02734,PRS,bln,O/C,0d999ebc-6ca1-4f35-a313-8b7776356b59
86a20224-409b-40c6-89f3-4572028b15b0,PRS,bln,O/C,0d999ebc-6ca1-4f35-a313-8b7776356b59
f706e035-68ef-4db4-8d20-a05cfce4507d,PRC,bln,%,0d999ebc-6ca1-4f35-a313-8b7776356b59
c71922f2-076b-4cb5-9dc2-9b928ea1ff1f,MGC,bln,%,0d999ebc-6ca1-4f35-a313-8b7776356b59
28c7532a-372d-4a5c-9dc1-a4e1c9e95058,GAS,val,O/C,0d999ebc-6ca1-4f35-a313-8b7776356b59
5857b8b0-6eaa-4adb-b6ca-628eb6cd439f,HMD,val,ppm,0d999ebc-6ca1-4f35-a313-8b7776356b59
5b50acc1-a3fb-45fc-ae4a-e79709e9364c,LIT,val,lm,0d999ebc-6ca1-4f35-a313-8b7776356b59
626ed118-96b7-44c5-bb55-c6f34b762cb1,MGC,bln,%,0d999ebc-6ca1-4f35-a313-8b7776356b59
88b7909e-4832-4ada-822b-edd168ae3a08,PRS,bln,O/C,0d999ebc-6ca1-4f35-a313-8b7776356b59
37b0fa50-45f7-4fa2-9105-2beab83052f5,PRS,bln,O/C,78f12f84-914f-4a93-8fd7-eaebc6501fa6
893bdd7f-afea-4d49-9045-bb0e4c09eac9,HMD,val,ppm,78f12f84-914f-4a93-8fd7-eaebc6501fa6
01d86753-0801-4324-ad43-d881323ce377,PRS,bln,O/C,78f12f84-914f-4a93-8fd7-eaebc6501fa6
23cb315f-4c54-4d42-9344-da97f498b51c,TMP,val,O/C,78f12f84-914f-4a93-8fd7-eaebc6501fa6
163453fd-d571-4f42-b429-e983a15b105d,PRS,bln,O/C,78f12f84-914f-4a93-8fd7-eaebc6501fa6
cf617205-72a3-464b-901e-b54471a98e6b,TMP,val,O/C,78f12f84-914f-4a93-8fd7-eaebc6501fa6
3e7689ad-c48b-4485-a16d-4257e1ae2afa,HMD,val,ppm,78f12f84-914f-4a93-8fd7-eaebc6501fa6
b5873eb3-485e-43dc-9c76-84adcb38a087,TMP,val,O/C,78f12f84-914f-4a93-8fd7-eaebc6501fa6
42a5d073-35e4-4a95-b035-9e9a1e624b1f,MGC,bln,%,78f12f84-914f-4a93-8fd7-eaebc6501fa6
bedd7bf0-b3a8-4d9d-b6c9-0f0cac5fd649,PRS,bln,O/C,78f12f84-914f-4a93-8fd7-eaebc6501fa6
7e87143c-30d6-4904-9ad9-b9d3714d48c0,PRC,bln,%,78f12f84-914f-4a93-8fd7-eaebc6501fa6
e9d09bf5-3a23-4626-ab53-d8b597037732,HMD,val,ppm,78f12f84-914f-4a93-8fd7-eaebc6501fa6
a0c93cca-4292-4621-9718-b4719878afc8,GAS,val,O/C,78f12f84-914f-4a93-8fd7-eaebc6501fa6
77d834c4-cef4-4d22-b8f6-54d36f33a96e,PRS,bln,O/C,78f12f84-914f-4a93-8fd7-eaebc6501fa6
8427b162-a86e-45f3-aa06-790e9c8c4762,GAS,val,O/C,78f12f84-914f-4a93-8fd7-eaebc6501fa6
8c80d727-63e5-4cbb-bbb1-e44cf89a0935,PRS,bln,O/C,78f12f84-914f-4a93-8fd7-eaebc6501fa6
3c1e4516-0d96-46f4-8fd2-de8cefb4c624,HMD,val,ppm,78f12f84-914f-4a93-8fd7-eaebc6501fa6
c3358a0b-844f-430c-8b3f-9f0e7e3bfae5,TMP,val,O/C,78f12f84-914f-4a93-8fd7-eaebc6501fa6
e187584e-99d8-4b33-9874-341bccf802c7,TMP,val,O/C,78f12f84-914f-4a93-8fd7-eaebc6501fa6
9d73139a-ebb8-4361-bb20-d021fe66750a,PRS,bln,O/C,78f12f84-914f-4a93-8fd7-eaebc6501fa6
ec7775aa-e22f-4ec2-a2f7-0f447d9a20d7,LIT,val,lm,78f12f84-914f-4a93-8fd7-eaebc6501fa6
a6794d18-1883-45d9-b29b-ece445d80398,HMD,val,ppm,78f12f84-914f-4a93-8fd7-eaebc6501fa6
aa9c315e-e547-4dd4-b3d0-70152e4706cd,TMP,val,O/C,78f12f84-914f-4a93-8fd7-eaebc6501fa6
02c7aa53-b358-4b7c-87f0-1af8d9cf70b2,GAS,val,O/C,78f12f84-914f-4a93-8fd7-eaebc6501fa6
ab80cd53-abb7-412b-b70a-f14e6efdbe0a,PRS,bln,O/C,78f12f84-914f-4a93-8fd7-eaebc6501fa6
69714678-ad61-46bb-8df6-a09309aff95a,PRS,bln,O/C,78f12f84-914f-4a93-8fd7-eaebc6501fa6
7bb1744a-094e-453b-a167-d027ac6e80ce,PRS,bln,O/C,78f12f84-914f-4a93-8fd7-eaebc6501fa6
1941641e-1fdc-4075-b8e5-f526971dbf00,MGC,bln,%,78f12f84-914f-4a93-8fd7-eaebc6501fa6
689641b5-3357-40be-b2ce-349b14361725,HMD,val,ppm,78f12f84-914f-4a93-8fd7-eaebc6501fa6
92395f2b-f4dd-4b5e-a014-dac9d7b93fa2,PRS,bln,O/C,78f12f84-914f-4a93-8fd7-eaebc6501fa6
9204b830-fb0f-46f9-a47e-477d34096f3d,LVL,val,0C,78f12f84-914f-4a93-8fd7-eaebc6501fa6
22e5221a-6ec9-4cd6-94c7-b314996b1e88,LIT,val,lm,78f12f84-914f-4a93-8fd7-eaebc6501fa6
6bfd0c89-7721-4dc9-af61-c5902eacde8c,GAS,val,O/C,78f12f84-914f-4a93-8fd7-eaebc6501fa6
0650c4b7-4225-46f2-862d-fe9547427fe0,PRS,bln,O/C,78f12f84-914f-4a93-8fd7-eaebc6501fa6
180d224f-a2e8-44bc-8d50-78f03f991dc0,GAS,val,O/C,78f12f84-914f-4a93-8fd7-eaebc6501fa6
9895e7b9-de1d-49e4-8e29-1a6dfce44db8,LIT,val,lm,78f12f84-914f-4a93-8fd7-eaebc6501fa6
72016d05-1407-4d63-9cf6-9297221f01ed,GAS,val,O/C,78f12f84-914f-4a93-8fd7-eaebc6501fa6
91e44f7d-35e0-417d-bb15-624d2c340b68,PRS,bln,O/C,78f12f84-914f-4a93-8fd7-eaebc6501fa6
57cf76df-0339-4da4-8e9a-6ce653589c86,LVL,val,0C,78f12f84-914f-4a93-8fd7-eaebc6501fa6
d9d90d9d-2ab7-414d-8d39-e7894e31ba69,TMP,val,O/C,78f12f84-914f-4a93-8fd7-eaebc6501fa6
a5afe01f-9bc4-435d-9e9f-5f02b97c7e63,PRS,bln,O/C,78f12f84-914f-4a93-8fd7-eaebc6501fa6
07ab9748-7ed7-4fd9-811b-72909d20e120,HMD,val,ppm,78f12f84-914f-4a93-8fd7-eaebc6501fa6
fd35863b-15be-430a-9227-8b362aa46458,LIT,val,lm,78f12f84-914f-4a93-8fd7-eaebc6501fa6
5abda090-1b40-4478-979f-cd283826c222,PRS,bln,O/C,78f12f84-914f-4a93-8fd7-eaebc6501fa6
086ebc27-1a4b-4bec-8a51-ce4b1a7d7494,LVL,val,0C,78f12f84-914f-4a93-8fd7-eaebc6501fa6
f06b022d-4c7a-4b85-9268-06239bf7f5ed,GAS,val,O/C,78f12f84-914f-4a93-8fd7-eaebc6501fa6
96e1ffad-d611-462c-85a2-524bc888cb01,PRS,bln,O/C,78f12f84-914f-4a93-8fd7-eaebc6501fa6
bb8b95e4-cce2-451c-bf15-971074cd420a,LIT,val,lm,78f12f84-914f-4a93-8fd7-eaebc6501fa6
9298e470-b800-4889-83fc-38d876ad9bfe,LVL,val,0C,78f12f84-914f-4a93-8fd7-eaebc6501fa6
90276dff-fa14-4f81-b91c-5d2899c971ef,PRS,bln,O/C,78f12f84-914f-4a93-8fd7-eaebc6501fa6
9ee64365-0bc0-4853-8986-d9f733e4e871,TMP,val,O/C,7c028f6b-537f-46bf-9d5a-dd3836ad9474
15c8a30a-3688-4318-b98c-6c5438d82a67,MGC,bln,%,7c028f6b-537f-46bf-9d5a-dd3836ad9474
e82cf749-423e-4a32-9f6d-9eccec63e12b,TMP,val,O/C,7c028f6b-537f-46bf-9d5a-dd3836ad9474
84fbcf70-e2f8-409b-b577-952762ab0a15,PRC,bln,%,7c028f6b-537f-46bf-9d5a-dd3836ad9474
da0280db-3b5c-48dc-8a3e-13504a1b4ef6,PRS,bln,O/C,7c028f6b-537f-46bf-9d5a-dd3836ad9474
f6b65c9e-b652-4a78-833b-33a2eaec1608,PRS,bln,O/C,7c028f6b-537f-46bf-9d5a-dd3836ad9474
b486d3e5-f444-4f31-b7a0-0c5c680d6e3e,TMP,val,O/C,7c028f6b-537f-46bf-9d5a-dd3836ad9474
563813cf-18c7-4f21-a596-6da7696a3493,LIT,val,lm,7c028f6b-537f-46bf-9d5a-dd3836ad9474
65b64518-ec81-4e97-8c4a-8708544934fc,TMP,val,O/C,7c028f6b-537f-46bf-9d5a-dd3836ad9474
2013638b-f3b4-48db-8f45-94b7324d58db,LIT,val,lm,7c028f6b-537f-46bf-9d5a-dd3836ad9474
84b1cd65-adf7-4b96-9ae2-6c7b25abdbae,PRS,bln,O/C,7c028f6b-537f-46bf-9d5a-dd3836ad9474
7a014e41-850a-4cff-b5ce-be56eadf3552,LIT,val,lm,7c028f6b-537f-46bf-9d5a-dd3836ad9474
801cf192-2014-45fd-a254-b60c2f2e9568,PRC,bln,%,7c028f6b-537f-46bf-9d5a-dd3836ad9474
7c3b6fa0-6097-4e98-8208-cd930aa1edff,HMD,val,ppm,7c028f6b-537f-46bf-9d5a-dd3836ad9474
7ca4dba6-7045-4231-9973-a2034d52f40d,PRS,bln,O/C,7c028f6b-537f-46bf-9d5a-dd3836ad9474
5d35d98e-c210-45c4-89dc-c29bdc581dd2,PRC,bln,%,7c028f6b-537f-46bf-9d5a-dd3836ad9474
bb49c6eb-5d0b-45ad-86af-8133dd079f91,PRS,bln,O/C,7c028f6b-537f-46bf-9d5a-dd3836ad9474
de14c3e5-3c03-4c06-9867-11b193d568fb,TMP,val,O/C,7c028f6b-537f-46bf-9d5a-dd3836ad9474
c378b79c-05d0-4b3e-988f-a72fc8c98041,PRS,bln,O/C,7c028f6b-537f-46bf-9d5a-dd3836ad9474
734af106-9e66-4701-867b-b43b3a67b50c,LVL,val,0C,7c028f6b-537f-46bf-9d5a-dd3836ad9474
d70f31cb-fa35-43ea-b6fc-abefd7cc0cea,LVL,val,0C,7c028f6b-537f-46bf-9d5a-dd3836ad9474
851bf941-6aba-4cdb-bd8e-93844c70bad7,PRS,bln,O/C,7c028f6b-537f-46bf-9d5a-dd3836ad9474
c06a8493-3768-41aa-94ab-bd5dd39a2c8a,HMD,val,ppm,7c028f6b-537f-46bf-9d5a-dd3836ad9474
229bb4e2-4945-477b-9243-4a575593d66a,PRS,bln,O/C,7c028f6b-537f-46bf-9d5a-dd3836ad9474
5bc4c581-df1d-4baa-853c-8b4eced415e3,PRS,bln,O/C,7c028f6b-537f-46bf-9d5a-dd3836ad9474
71fd48b7-0e89-43dc-ae1f-c3fc871b2adb,MGC,bln,%,7c028f6b-537f-46bf-9d5a-dd3836ad9474
9909f4f8-1792-4846-ab4b-8d1fd3946fc0,MGC,bln,%,7c028f6b-537f-46bf-9d5a-dd3836ad9474
ed1ab74b-a7b9-4681-aeb5-27aaa964326d,PRS,bln,O/C,7c028f6b-537f-46bf-9d5a-dd3836ad9474
4d5c4106-92ed-429e-8e11-4030a94e940e,PRS,bln,O/C,7c028f6b-537f-46bf-9d5a-dd3836ad9474
6c2aaecc-fb1a-416f-8d22-edbb735723d4,PRC,bln,%,7c028f6b-537f-46bf-9d5a-dd3836ad9474
15924f0d-bf0d-48f1-a64c-d9f514006bdd,PRS,bln,O/C,7c028f6b-537f-46bf-9d5a-dd3836ad9474
58a7fa57-a4d9-4fb6-97bb-bab236d1cb07,TMP,val,O/C,7c028f6b-537f-46bf-9d5a-dd3836ad9474
24905c96-fa58-48c6-bd78-6419560e51ea,PRS,bln,O/C,7c028f6b-537f-46bf-9d5a-dd3836ad9474
50a0b4fb-ed8c-4bae-b084-de6cf5c6b4f2,PRS,bln,O/C,7c028f6b-537f-46bf-9d5a-dd3836ad9474
4a90fdc5-bfec-4371-b181-e68df2668cb8,PRS,bln,O/C,7c028f6b-537f-46bf-9d5a-dd3836ad9474
3d1c016b-221d-40fb-9b85-4257524b8746,TMP,val,O/C,7c028f6b-537f-46bf-9d5a-dd3836ad9474
f5d7be02-e2f0-4170-97e1-548874e67668,PRC,bln,%,7c028f6b-537f-46bf-9d5a-dd3836ad9474
924203e6-670c-47a0-aae2-bfcebbec6370,GAS,val,O/C,7c028f6b-537f-46bf-9d5a-dd3836ad9474
ab567ff5-1e99-4def-a052-f1b4f10e56a4,LIT,val,lm,7c028f6b-537f-46bf-9d5a-dd3836ad9474
516722e9-d3f8-40d7-bbe2-9fca07d4a794,TMP,val,O/C,7c028f6b-537f-46bf-9d5a-dd3836ad9474
f9039a48-37dc-4edc-aca3-7d3f4d443441,TMP,val,O/C,7c028f6b-537f-46bf-9d5a-dd3836ad9474
12f86cba-389c-4c29-8220-09cd4a0a5040,LVL,val,0C,7c028f6b-537f-46bf-9d5a-dd3836ad9474
039edbd7-ee2d-4842-92cc-e5d0ddb8503b,MGC,bln,%,7c028f6b-537f-46bf-9d5a-dd3836ad9474
8cab40c6-4920-4653-8a4a-f09468fd5d52,LIT,val,lm,7c028f6b-537f-46bf-9d5a-dd3836ad9474
a6605dc6-893e-4080-a30a-537278dd9c47,PRC,bln,%,7c028f6b-537f-46bf-9d5a-dd3836ad9474
2a7eca9a-01eb-4d29-ad80-f5cbf3490f4d,GAS,val,O/C,7c028f6b-537f-46bf-9d5a-dd3836ad9474
20f8f1af-0fbd-4ec4-83fb-8937b234e3c9,TMP,val,O/C,7c028f6b-537f-46bf-9d5a-dd3836ad9474
b8856ed7-afb5-456c-9355-11ee599285e0,PRS,bln,O/C,cdaf3fde-4a3d-40c9-88ae-5ff08da54d0a
3b0d195b-0012-4264-8aed-2d6771a91092,LIT,val,lm,cdaf3fde-4a3d-40c9-88ae-5ff08da54d0a
44d21d06-715e-40c9-8b5c-f48a085cb621,LIT,val,lm,cdaf3fde-4a3d-40c9-88ae-5ff08da54d0a
a2f2ed69-4d72-40ed-a15c-ccd02327b8d4,LIT,val,lm,cdaf3fde-4a3d-40c9-88ae-5ff08da54d0a
ea9ebdec-3ccb-4e38-92b1-1d174183ea84,GAS,val,O/C,cdaf3fde-4a3d-40c9-88ae-5ff08da54d0a
a16ecf99-8a83-4d08-9112-3695a9dd876e,LIT,val,lm,cdaf3fde-4a3d-40c9-88ae-5ff08da54d0a
b62fb1a4-7be3-4cac-a8b3-e0e3fc59cd59,PRC,bln,%,cdaf3fde-4a3d-40c9-88ae-5ff08da54d0a
aa5f85ae-04c0-4949-9b21-8673f79a98cf,PRS,bln,O/C,cdaf3fde-4a3d-40c9-88ae-5ff08da54d0a
11f3cbbe-f14d-4cc6-81a1-4f70317b1eef,MGC,bln,%,cdaf3fde-4a3d-40c9-88ae-5ff08da54d0a
6c558f97-0180-4c69-946c-03026f29fe06,LIT,val,lm,cdaf3fde-4a3d-40c9-88ae-5ff08da54d0a
e655e656-cfb2-4446-8dd0-d59897d111c0,PRS,bln,O/C,cdaf3fde-4a3d-40c9-88ae-5ff08da54d0a
fcd0345d-87ad-4eff-a9fd-801a19cbac7f,PRS,bln,O/C,cdaf3fde-4a3d-40c9-88ae-5ff08da54d0a
02c69a87-3ec3-49e4-852c-ff5b417f7726,LIT,val,lm,cdaf3fde-4a3d-40c9-88ae-5ff08da54d0a
a8777919-4ce6-4870-8f8d-6da4e08de94b,MGC,bln,%,cdaf3fde-4a3d-40c9-88ae-5ff08da54d0a
62a5a1e1-a721-4f10-aaef-0e8d946481bf,MGC,bln,%,cdaf3fde-4a3d-40c9-88ae-5ff08da54d0a
92aa84ac-2a8a-4123-a459-1834eb1dde66,GAS,val,O/C,cdaf3fde-4a3d-40c9-88ae-5ff08da54d0a
db5146c5-dfef-415b-a231-c3aa8afbd897,GAS,val,O/C,cdaf3fde-4a3d-40c9-88ae-5ff08da54d0a
1776493a-46cf-4712-8f79-2559befb547c,PRS,bln,O/C,cdaf3fde-4a3d-40c9-88ae-5ff08da54d0a
492b74ef-ca6a-4395-945a-9585b2da5413,MGC,bln,%,cdaf3fde-4a3d-40c9-88ae-5ff08da54d0a
5288ea6b-ea5b-4ecd-b19a-4ec9bad62cd4,GAS,val,O/C,cdaf3fde-4a3d-40c9-88ae-5ff08da54d0a
5f90a204-9a3c-4c41-a07a-bf0b66e50efd,PRS,bln,O/C,cdaf3fde-4a3d-40c9-88ae-5ff08da54d0a
c176945a-7cb5-4964-8201-52fa4c67eaf2,TMP,val,O/C,cdaf3fde-4a3d-40c9-88ae-5ff08da54d0a
5e46d00e-c30f-4a46-a37b-5b6c1d1e18b5,PRC,bln,%,cdaf3fde-4a3d-40c9-88ae-5ff08da54d0a
286c995b-baca-4356-8680-4053103d442a,GAS,val,O/C,cdaf3fde-4a3d-40c9-88ae-5ff08da54d0a
0d65b947-cee8-4aee-968a-c0b001e83a9c,TMP,val,O/C,cdaf3fde-4a3d-40c9-88ae-5ff08da54d0a
cb93f3f6-172c-4b4e-bcc5-302dd163d3fb,LVL,val,0C,cdaf3fde-4a3d-40c9-88ae-5ff08da54d0a
35b05bba-a394-48ae-8efd-d50739c314b1,PRS,bln,O/C,cdaf3fde-4a3d-40c9-88ae-5ff08da54d0a
2a645f57-b537-4b28-99cc-3e1c2add734a,PRS,bln,O/C,cdaf3fde-4a3d-40c9-88ae-5ff08da54d0a
7e8facd9-6170-49e5-ab57-b189137c30c8,HMD,val,ppm,cdaf3fde-4a3d-40c9-88ae-5ff08da54d0a
7e7f4b89-32c1-43ba-aec4-8babbe4aa328,LIT,val,lm,cdaf3fde-4a3d-40c9-88ae-5ff08da54d0a
1741bcee-e83b-4954-9b9f-656a43ad66d0,HMD,val,ppm,cdaf3fde-4a3d-40c9-88ae-5ff08da54d0a
e43b39d6-b9f3-4813-a8b1-3d0a78152cc4,GAS,val,O/C,cdaf3fde-4a3d-40c9-88ae-5ff08da54d0a
759b1ea4-86dd-4a9c-84aa-b6b77583a5a3,LIT,val,lm,cdaf3fde-4a3d-40c9-88ae-5ff08da54d0a
bc933eed-578a-4955-a030-162564a018fc,GAS,val,O/C,cdaf3fde-4a3d-40c9-88ae-5ff08da54d0a
a602b41c-f178-4109-a651-f5d333f1f257,LIT,val,lm,cdaf3fde-4a3d-40c9-88ae-5ff08da54d0a
6a8b0198-eae5-4800-b04e-65dc8740d6fa,TMP,val,O/C,cdaf3fde-4a3d-40c9-88ae-5ff08da54d0a
2dd96825-4a9a-47cc-9115-0a09968add55,PRS,bln,O/C,cdaf3fde-4a3d-40c9-88ae-5ff08da54d0a
26b4df3b-155a-471d-82bb-4e9712e5612e,GAS,val,O/C,cdaf3fde-4a3d-40c9-88ae-5ff08da54d0a
8a26fcde-4c1c-4935-9082-dda03faba967,HMD,val,ppm,cdaf3fde-4a3d-40c9-88ae-5ff08da54d0a
b6a4352e-79b6-4739-a653-581bfe31f48f,GAS,val,O/C,cdaf3fde-4a3d-40c9-88ae-5ff08da54d0a
087bd1c8-ad55-41c0-a4c9-adaa85ceda29,PRS,bln,O/C,cdaf3fde-4a3d-40c9-88ae-5ff08da54d0a
b65a5c4d-dfe3-4629-9c3f-b582dfbbecf7,MGC,bln,%,cdaf3fde-4a3d-40c9-88ae-5ff08da54d0a
17ff1f63-3c8a-43dd-af4d-f6a69a90baa0,GAS,val,O/C,f95060b1-89b8-43f3-b389-082a8100ba62
342e3f8f-3dc6-497f-b374-83b5541efc6e,TMP,val,O/C,f95060b1-89b8-43f3-b389-082a8100ba62
57a481e1-ea79-44f0-be96-35b21a37f7c4,PRS,bln,O/C,f95060b1-89b8-43f3-b389-082a8100ba62
02d8ffd7-b1f1-48d9-83fd-6e73c3a59d8a,PRS,bln,O/C,f95060b1-89b8-43f3-b389-082a8100ba62
8b98309c-e6ed-4fdd-910d-f90e56854407,PRC,bln,%,f95060b1-89b8-43f3-b389-082a8100ba62
bdd57ec9-9f8e-4903-b0b4-34af1b0c49a1,LIT,val,lm,f95060b1-89b8-43f3-b389-082a8100ba62
86fc203f-c89e-4b88-bde0-bc472e7eaa41,GAS,val,O/C,f95060b1-89b8-43f3-b389-082a8100ba62
07cd0353-4981-44db-8b60-fc81a4182b2f,TMP,val,O/C,f95060b1-89b8-43f3-b389-082a8100ba62
dd4aeda9-f42e-4839-a329-646a193d8602,LIT,val,lm,f95060b1-89b8-43f3-b389-082a8100ba62
b99454e5-c467-4d19-8a9e-7cac46092d5c,PRS,bln,O/C,f95060b1-89b8-43f3-b389-082a8100ba62
176e0e07-ad88-46b7-9f80-dc92c67d55bf,TMP,val,O/C,f95060b1-89b8-43f3-b389-082a8100ba62
86b8708a-b11a-4543-9e3c-266410a0cf16,PRC,bln,%,f95060b1-89b8-43f3-b389-082a8100ba62
59a0c007-a247-40a9-af51-2e84016c49b8,LIT,val,lm,f95060b1-89b8-43f3-b389-082a8100ba62
72b5616e-0b88-48d2-8ba6-80e5dfc66e83,LIT,val,lm,f95060b1-89b8-43f3-b389-082a8100ba62
03a5974b-1472-4a67-9e6a-6c67d7990fe3,PRS,bln,O/C,f95060b1-89b8-43f3-b389-082a8100ba62
8cdc569b-9869-4b58-bc41-d4658a3f5ea6,MGC,bln,%,f95060b1-89b8-43f3-b389-082a8100ba62
d317e7a5-e6d6-4266-92a2-472449be53c6,TMP,val,O/C,f95060b1-89b8-43f3-b389-082a8100ba62
137d3a4c-7291-41ea-89c1-67b44dc97dfb,PRS,bln,O/C,f95060b1-89b8-43f3-b389-082a8100ba62
2f69d56a-6c0d-4ff8-a020-1eaae71f5a4a,MGC,bln,%,f95060b1-89b8-43f3-b389-082a8100ba62
3348d2ec-6514-4613-a6f9-dec16c3fcf46,GAS,val,O/C,f95060b1-89b8-43f3-b389-082a8100ba62
1dfc5dab-66ce-4d64-8c60-b7121dceeb7d,PRS,bln,O/C,f95060b1-89b8-43f3-b389-082a8100ba62
198e9501-8c05-4de4-b02e-5b702defb272,PRC,bln,%,f95060b1-89b8-43f3-b389-082a8100ba62
4dc976c3-cf6b-4096-87d8-e717d8717889,GAS,val,O/C,f95060b1-89b8-43f3-b389-082a8100ba62
7cd79cdd-9e87-498e-bc0f-e63e0b5d5d07,GAS,val,O/C,f95060b1-89b8-43f3-b389-082a8100ba62
9466a183-4672-4e08-97ec-a489d0e62730,PRS,bln,O/C,f95060b1-89b8-43f3-b389-082a8100ba62
f25d9566-2c48-42a4-ba2a-ec57f7eaa0f7,PRS,bln,O/C,f95060b1-89b8-43f3-b389-082a8100ba62
97820d7e-db02-4e4d-aee9-cb9a81fa2c09,TMP,val,O/C,f95060b1-89b8-43f3-b389-082a8100ba62
0fe19957-cc3a-40fb-ab58-22c101fead30,TMP,val,O/C,f95060b1-89b8-43f3-b389-082a8100ba62
a5075cc6-0fc0-41cd-ac12-1e3043c31bb0,PRS,bln,O/C,f95060b1-89b8-43f3-b389-082a8100ba62
7a2a8b25-1595-4b65-b204-ce2965d86384,GAS,val,O/C,f95060b1-89b8-43f3-b389-082a8100ba62
ec3bec13-5c1f-4f3f-94d2-d45d9ee01fe1,HMD,val,ppm,f95060b1-89b8-43f3-b389-082a8100ba62
b0f60e01-b335-497c-a76e-4332ee2a5a33,PRS,bln,O/C,f95060b1-89b8-43f3-b389-082a8100ba62
591bef66-ba33-4553-903f-7267e2be90de,GAS,val,O/C,f95060b1-89b8-43f3-b389-082a8100ba62
874eba73-d53c-412a-8950-38b4e0d18fce,TMP,val,O/C,f95060b1-89b8-43f3-b389-082a8100ba62
f849e603-bb7d-4da3-9d01-67521e96d189,PRS,bln,O/C,f95060b1-89b8-43f3-b389-082a8100ba62
85155c79-69dd-4dbf-818a-a6702430bad2,TMP,val,O/C,f95060b1-89b8-43f3-b389-082a8100ba62
8b9d9447-8072-40b0-a4e1-ea3f266141e9,PRS,bln,O/C,f95060b1-89b8-43f3-b389-082a8100ba62
377d29b4-0f60-4de3-b96c-c3705db0c288,GAS,val,O/C,f95060b1-89b8-43f3-b389-082a8100ba62
83a679dd-a68d-417f-aa91-b10b03fd86a9,TMP,val,O/C,f95060b1-89b8-43f3-b389-082a8100ba62
ab7c9c36-d683-451d-8c2c-7a562869567f,LVL,val,0C,f95060b1-89b8-43f3-b389-082a8100ba62
e2dde18d-e8e5-45c8-ad6c-97a157e386fc,MGC,bln,%,f95060b1-89b8-43f3-b389-082a8100ba62
bcd88ec0-23ba-4096-977a-a0a788c3666e,PRC,bln,%,f95060b1-89b8-43f3-b389-082a8100ba62
2f4a972c-1b2c-4a4c-86f8-c2a5b2472fb6,GAS,val,O/C,f95060b1-89b8-43f3-b389-082a8100ba62
6d1ddb2c-57ed-409e-8b4e-7ae27f177fd1,PRS,bln,O/C,f95060b1-89b8-43f3-b389-082a8100ba62
cccaf9b0-6523-4d25-89cf-e43dcb763323,MGC,bln,%,bb61a241-8d25-49ce-adde-97f72ae542d0
a57697ab-b3f7-417b-8eb3-e4e17c34805f,LIT,val,lm,bb61a241-8d25-49ce-adde-97f72ae542d0
1a3c1e6e-ea01-45c7-8501-a660cb58c670,LVL,val,0C,bb61a241-8d25-49ce-adde-97f72ae542d0
d5f0881f-56e5-4bf6-a298-b840c1a0c7a6,MGC,bln,%,bb61a241-8d25-49ce-adde-97f72ae542d0
9a246965-1ddb-466a-b7b7-2b159576989d,PRS,bln,O/C,bb61a241-8d25-49ce-adde-97f72ae542d0
ab97283c-c6e7-4850-a262-33e536646797,MGC,bln,%,bb61a241-8d25-49ce-adde-97f72ae542d0
ecf17fce-be7c-4255-942b-36b99d179a78,GAS,val,O/C,bb61a241-8d25-49ce-adde-97f72ae542d0
59e62bad-51b4-445e-bda2-21c18bdff90c,GAS,val,O/C,bb61a241-8d25-49ce-adde-97f72ae542d0
c47e5f85-9a7f-4e66-9509-faa6025d8177,LVL,val,0C,bb61a241-8d25-49ce-adde-97f72ae542d0
21efb273-da54-4c5d-b307-e4a1e89f9af8,GAS,val,O/C,bb61a241-8d25-49ce-adde-97f72ae542d0
04c38336-9ff0-4462-89e6-75ca3d25adc9,GAS,val,O/C,bb61a241-8d25-49ce-adde-97f72ae542d0
7c5a5f69-244f-403e-b69c-ee5f2fab134a,PRS,bln,O/C,bb61a241-8d25-49ce-adde-97f72ae542d0
fc776da9-a543-4311-a69c-21168c04f8cf,HMD,val,ppm,bb61a241-8d25-49ce-adde-97f72ae542d0
950d8aec-4f7a-43c4-9ee5-3dda260d303b,PRC,bln,%,bb61a241-8d25-49ce-adde-97f72ae542d0
6a24c32c-aec2-4983-9fab-c9e13907d090,LIT,val,lm,bb61a241-8d25-49ce-adde-97f72ae542d0
c9543608-36f0-41ed-98f8-3668b62118d2,TMP,val,O/C,bb61a241-8d25-49ce-adde-97f72ae542d0
553f9a1c-53fb-4925-b20b-3aed75b16cb8,MGC,bln,%,bb61a241-8d25-49ce-adde-97f72ae542d0
592123d9-f932-40e7-8cba-4d2c3447fffa,LIT,val,lm,bb61a241-8d25-49ce-adde-97f72ae542d0
bfc7f4c1-64b6-4f30-a09b-07d2e1055ee6,LVL,val,0C,bb61a241-8d25-49ce-adde-97f72ae542d0
25b71bf6-3737-47d3-af9a-04a8e3fb92b5,MGC,bln,%,bb61a241-8d25-49ce-adde-97f72ae542d0
e5a31d80-49cf-436b-b369-a0c6b3c632e4,LIT,val,lm,bb61a241-8d25-49ce-adde-97f72ae542d0
76216368-a9f8-414b-a65c-eeb920150a7d,LIT,val,lm,bb61a241-8d25-49ce-adde-97f72ae542d0
0d01d136-f2cc-42ba-9b58-9549693de62c,LIT,val,lm,bb61a241-8d25-49ce-adde-97f72ae542d0
20b9dd6b-8cda-4939-a58d-cddd9a8db595,LIT,val,lm,bb61a241-8d25-49ce-adde-97f72ae542d0
e5ab6caa-d9b4-44ab-89cc-7971351b0f25,HMD,val,ppm,bb61a241-8d25-49ce-adde-97f72ae542d0
b90412ce-4d81-42e8-b314-e01ac0b78591,LIT,val,lm,bb61a241-8d25-49ce-adde-97f72ae542d0
38c3f1fe-a65d-4ff7-8ba6-dda31ba640ac,LVL,val,0C,bb61a241-8d25-49ce-adde-97f72ae542d0
fff0df60-5a3a-4db6-92e2-c8d095ead7ad,PRS,bln,O/C,bb61a241-8d25-49ce-adde-97f72ae542d0
75c13edb-a7a0-4951-8d3a-155dea96f382,GAS,val,O/C,bb61a241-8d25-49ce-adde-97f72ae542d0
eb575641-ca77-4b4d-b1a1-cf87de2aa76c,LVL,val,0C,bb61a241-8d25-49ce-adde-97f72ae542d0
47849ce5-5732-4b40-b910-5839be23cd94,PRS,bln,O/C,bb61a241-8d25-49ce-adde-97f72ae542d0
f746a82b-6022-46fd-bcaf-9fecda7744af,PRS,bln,O/C,bb61a241-8d25-49ce-adde-97f72ae542d0
f17be19d-04c3-4468-ac63-bbe0d3715c65,MGC,bln,%,bb61a241-8d25-49ce-adde-97f72ae542d0
e7b374d8-b21b-4a8e-92a6-f447e50cf71c,GAS,val,O/C,bb61a241-8d25-49ce-adde-97f72ae542d0
eaf6a055-2009-432a-80a8-2867a37f212b,PRS,bln,O/C,bb61a241-8d25-49ce-adde-97f72ae542d0
bea2a8f0-4511-4ffa-8ac2-9ca33d94dee4,PRS,bln,O/C,bb61a241-8d25-49ce-adde-97f72ae542d0
8250dbde-6ccb-41b3-bd6a-3565ea4e0711,HMD,val,ppm,bb61a241-8d25-49ce-adde-97f72ae542d0
6a465782-7bdf-4022-8b90-1de61ac2c8df,MGC,bln,%,bb61a241-8d25-49ce-adde-97f72ae542d0
dcf6def8-d2e4-4df4-b7dc-d10c8d89cfdc,LIT,val,lm,bb61a241-8d25-49ce-adde-97f72ae542d0
4945c47b-8050-457e-aec6-285f41be9d44,PRC,bln,%,f5ac8a69-6094-4e66-b89c-dfd0b2cb2b81
6d0bd9ed-a268-4561-9091-ae975a346dcc,MGC,bln,%,f5ac8a69-6094-4e66-b89c-dfd0b2cb2b81
d4ee6453-5548-4131-8d21-610b8db0039a,TMP,val,O/C,f5ac8a69-6094-4e66-b89c-dfd0b2cb2b81
396586cc-511c-4309-a0a7-e6b820d29d34,MGC,bln,%,f5ac8a69-6094-4e66-b89c-dfd0b2cb2b81
5e2283ba-526d-456d-b713-c360796eb61d,MGC,bln,%,f5ac8a69-6094-4e66-b89c-dfd0b2cb2b81
d4dbc22f-8c52-4315-8fcc-f13e24c6ff28,PRS,bln,O/C,f5ac8a69-6094-4e66-b89c-dfd0b2cb2b81
8d97fd8a-e082-4f13-805d-2dedb10935cc,MGC,bln,%,f5ac8a69-6094-4e66-b89c-dfd0b2cb2b81
fa7dee86-64de-4016-964e-d623d1356562,GAS,val,O/C,f5ac8a69-6094-4e66-b89c-dfd0b2cb2b81
a8eb2748-6f80-45c5-9945-e00c20912ae2,TMP,val,O/C,f5ac8a69-6094-4e66-b89c-dfd0b2cb2b81
110857d9-a5db-42ce-a901-927af2b2aad0,GAS,val,O/C,f5ac8a69-6094-4e66-b89c-dfd0b2cb2b81
afe46111-b844-426b-9279-6649e9846962,GAS,val,O/C,f5ac8a69-6094-4e66-b89c-dfd0b2cb2b81
e7c28191-06e8-4895-9982-cf74d3506a02,GAS,val,O/C,f5ac8a69-6094-4e66-b89c-dfd0b2cb2b81
0747cf15-6e18-493f-9050-5097fb9b12e9,LVL,val,0C,f5ac8a69-6094-4e66-b89c-dfd0b2cb2b81
022f4bb1-aa9c-40d1-9436-b43140a14a9d,MGC,bln,%,f5ac8a69-6094-4e66-b89c-dfd0b2cb2b81
5e5ef459-b92e-411d-bad6-8443851ef9d3,GAS,val,O/C,f5ac8a69-6094-4e66-b89c-dfd0b2cb2b81
3cc1794b-7d87-480c-aded-7b8af2c24c24,LIT,val,lm,f5ac8a69-6094-4e66-b89c-dfd0b2cb2b81
bf3a3f6b-5dd4-4345-9ecc-84dcdf14e039,PRC,bln,%,f5ac8a69-6094-4e66-b89c-dfd0b2cb2b81
82cb9d20-850e-4d19-bcb0-7a0883ae0e7c,PRS,bln,O/C,f5ac8a69-6094-4e66-b89c-dfd0b2cb2b81
d10b6f78-f2fa-4855-868c-3a6e6a51fc77,TMP,val,O/C,f5ac8a69-6094-4e66-b89c-dfd0b2cb2b81
f02a7f46-68bf-4ab7-918d-4bb04f5d3bc5,LIT,val,lm,f5ac8a69-6094-4e66-b89c-dfd0b2cb2b81
3e68b8b0-bb99-4012-9d1f-e7135279b774,PRC,bln,%,f5ac8a69-6094-4e66-b89c-dfd0b2cb2b81
46beeb68-e4f7-440f-8553-140c4a036f60,MGC,bln,%,f5ac8a69-6094-4e66-b89c-dfd0b2cb2b81
b26af898-df0a-4c71-9f6c-534d3ac20ed2,TMP,val,O/C,f5ac8a69-6094-4e66-b89c-dfd0b2cb2b81
fd642fd6-f7a8-4eca-ad18-4878abbd8488,HMD,val,ppm,f5ac8a69-6094-4e66-b89c-dfd0b2cb2b81
1b3a321a-c429-4293-b2f8-c1d0eafaffd6,TMP,val,O/C,f5ac8a69-6094-4e66-b89c-dfd0b2cb2b81
17befe5e-2b83-44bf-8ed1-b11783fd2806,MGC,bln,%,f5ac8a69-6094-4e66-b89c-dfd0b2cb2b81
dfe74012-ab8f-46e5-96bb-a78c5d452dec,PRS,bln,O/C,f5ac8a69-6094-4e66-b89c-dfd0b2cb2b81
6f6b7505-c483-4981-9363-a3faf15c297f,PRS,bln,O/C,f5ac8a69-6094-4e66-b89c-dfd0b2cb2b81
a6876443-83c7-4b07-9814-5118979e5ac4,PRC,bln,%,f5ac8a69-6094-4e66-b89c-dfd0b2cb2b81
37fad2b4-245e-496a-8336-8f21548c6887,PRC,bln,%,f5ac8a69-6094-4e66-b89c-dfd0b2cb2b81
c402ee71-c8df-4535-a990-503c974c58e9,PRS,bln,O/C,f5ac8a69-6094-4e66-b89c-dfd0b2cb2b81
9c4c949e-0423-407d-b504-8659876483c7,LIT,val,lm,f5ac8a69-6094-4e66-b89c-dfd0b2cb2b81
4f8dcf04-a728-4107-b264-11e04d00e03f,HMD,val,ppm,f5ac8a69-6094-4e66-b89c-dfd0b2cb2b81
347730fe-99d3-43b0-9166-8e9aa231ec0e,MGC,bln,%,f5ac8a69-6094-4e66-b89c-dfd0b2cb2b81
67d050b2-a630-4912-bc52-2192d7c08dc5,LIT,val,lm,f5ac8a69-6094-4e66-b89c-dfd0b2cb2b81
552364d3-f822-4d66-8956-80a45f07c00c,LVL,val,0C,f5ac8a69-6094-4e66-b89c-dfd0b2cb2b81
7da23173-e186-480d-94c4-7c16698fc5aa,GAS,val,O/C,f5ac8a69-6094-4e66-b89c-dfd0b2cb2b81
9926fdf6-1b94-464a-8d8e-cac3ff3c5dab,HMD,val,ppm,4ebf3a95-cc2c-44d5-bc09-a3b5fa2a277b
2cffb4f7-923b-485d-aedf-c793b40569f7,TMP,val,O/C,4ebf3a95-cc2c-44d5-bc09-a3b5fa2a277b
c287b145-e2a6-404c-9b7c-c2d4438bfbb2,MGC,bln,%,4ebf3a95-cc2c-44d5-bc09-a3b5fa2a277b
4bb046f6-b9f3-4fe7-a128-d44bdf500b64,LVL,val,0C,4ebf3a95-cc2c-44d5-bc09-a3b5fa2a277b
31372082-4426-4683-b610-e867bab9b5c7,PRC,bln,%,4ebf3a95-cc2c-44d5-bc09-a3b5fa2a277b
cf72b8ee-2cba-4841-bfee-bf86238f615e,HMD,val,ppm,4ebf3a95-cc2c-44d5-bc09-a3b5fa2a277b
4b61ec13-5298-47af-9e16-dd1d06ea534f,TMP,val,O/C,4ebf3a95-cc2c-44d5-bc09-a3b5fa2a277b
f5f794c7-8c0f-43d5-909c-9dcfc69101ee,LVL,val,0C,4ebf3a95-cc2c-44d5-bc09-a3b5fa2a277b
a211391e-c642-4e6a-ad0b-64271ae670dc,PRC,bln,%,4ebf3a95-cc2c-44d5-bc09-a3b5fa2a277b
c13ba2d5-80f8-4d25-860c-c75a2de8252f,HMD,val,ppm,4ebf3a95-cc2c-44d5-bc09-a3b5fa2a277b
23422160-46be-46f2-a93f-dfdb4d3c8308,MGC,bln,%,4ebf3a95-cc2c-44d5-bc09-a3b5fa2a277b
7d32920b-4c0e-43e3-aa0c-edb75ce0f0aa,GAS,val,O/C,4ebf3a95-cc2c-44d5-bc09-a3b5fa2a277b
f6e806f5-87b0-439f-8aa3-1b99a7436ad9,LVL,val,0C,4ebf3a95-cc2c-44d5-bc09-a3b5fa2a277b
16ab0938-a289-40e0-8274-d92d08627648,PRS,bln,O/C,4ebf3a95-cc2c-44d5-bc09-a3b5fa2a277b
9b250007-12f8-4bf2-b7dd-cb19bf925df2,GAS,val,O/C,4ebf3a95-cc2c-44d5-bc09-a3b5fa2a277b
e6c62755-e599-4fd7-8623-a5e997b894e2,GAS,val,O/C,4ebf3a95-cc2c-44d5-bc09-a3b5fa2a277b
b66cb9f6-7fe1-4655-9bf4-9d03a17368a9,PRS,bln,O/C,4ebf3a95-cc2c-44d5-bc09-a3b5fa2a277b
e0475b7a-a3f3-4c49-a2e3-c53bd029eb13,HMD,val,ppm,4ebf3a95-cc2c-44d5-bc09-a3b5fa2a277b
d667d982-c46d-4fdd-83ca-b8c50ff1c33c,TMP,val,O/C,4ebf3a95-cc2c-44d5-bc09-a3b5fa2a277b
e0f58b3b-b3e5-4e8d-8de7-0209159689c8,LVL,val,0C,4ebf3a95-cc2c-44d5-bc09-a3b5fa2a277b
3534461c-1baa-4a6b-b698-ace9a0252c19,HMD,val,ppm,4ebf3a95-cc2c-44d5-bc09-a3b5fa2a277b
9bf714d6-a158-4e2c-a708-ca4d2b384b73,TMP,val,O/C,4ebf3a95-cc2c-44d5-bc09-a3b5fa2a277b
fd04ab59-9668-4e98-98fb-2d78da65d4e2,PRC,bln,%,4ebf3a95-cc2c-44d5-bc09-a3b5fa2a277b
ceabaf64-1f14-48cf-81a3-c7db72f2b302,TMP,val,O/C,4ebf3a95-cc2c-44d5-bc09-a3b5fa2a277b
8d9403fc-4c50-485f-9fa5-c0783fe1cc54,GAS,val,O/C,4ebf3a95-cc2c-44d5-bc09-a3b5fa2a277b
27822770-bd72-426f-bd62-0547d460a617,LIT,val,lm,4ebf3a95-cc2c-44d5-bc09-a3b5fa2a277b
1f713065-6697-4927-8a7e-50d7abc90454,PRS,bln,O/C,4ebf3a95-cc2c-44d5-bc09-a3b5fa2a277b
fff215f6-283c-477d-8c10-3c83abfee672,LIT,val,lm,4ebf3a95-cc2c-44d5-bc09-a3b5fa2a277b
2b532c08-fb1e-4ad0-8d3b-8507fe3cf445,GAS,val,O/C,4ebf3a95-cc2c-44d5-bc09-a3b5fa2a277b
60e315a8-33de-4210-98d2-bacb35815cba,GAS,val,O/C,4ebf3a95-cc2c-44d5-bc09-a3b5fa2a277b
6a94a991-4c50-43c3-884f-5f86bfe0a4ec,TMP,val,O/C,4ebf3a95-cc2c-44d5-bc09-a3b5fa2a277b
156c9fd5-8f09-4ee1-a64b-539d41f1f12d,LVL,val,0C,4ebf3a95-cc2c-44d5-bc09-a3b5fa2a277b
94edc04e-da56-4a86-b949-48546491d2b3,TMP,val,O/C,4ebf3a95-cc2c-44d5-bc09-a3b5fa2a277b
71ea90b8-f5f3-46dd-b610-04922dab3764,HMD,val,ppm,4ebf3a95-cc2c-44d5-bc09-a3b5fa2a277b
7a709ed4-087a-43a2-9349-d4a3f0482ef3,LIT,val,lm,4ebf3a95-cc2c-44d5-bc09-a3b5fa2a277b
d53a2708-01d3-4bf9-ad5c-74ec77438249,LIT,val,lm,4ebf3a95-cc2c-44d5-bc09-a3b5fa2a277b
32a3a451-caf9-4faa-9e61-dd6a373c90fb,LIT,val,lm,4ebf3a95-cc2c-44d5-bc09-a3b5fa2a277b
043c0dad-9758-4f73-9190-b515a3ddb467,PRS,bln,O/C,4ebf3a95-cc2c-44d5-bc09-a3b5fa2a277b
341c7067-5391-406b-9f1d-8566063cb8c5,HMD,val,ppm,4ebf3a95-cc2c-44d5-bc09-a3b5fa2a277b
af9e14e5-515c-4cde-b9f7-1129d2f24a05,LIT,val,lm,4ebf3a95-cc2c-44d5-bc09-a3b5fa2a277b
09b1aad6-14d0-4e78-9d05-08b498c4926b,TMP,val,O/C,4ebf3a95-cc2c-44d5-bc09-a3b5fa2a277b
a3579559-724b-4bf8-be3b-94608e4968a4,PRS,bln,O/C,3bb31d0b-7a60-4d61-8ffe-245c1afaff6c
68a18e79-b2a1-4658-8487-42bfe474242a,LIT,val,lm,3bb31d0b-7a60-4d61-8ffe-245c1afaff6c
75c4e5cd-65bc-4712-9d50-dccb2e509f9e,PRS,bln,O/C,3bb31d0b-7a60-4d61-8ffe-245c1afaff6c
3a110449-072d-4fb2-a4ab-56038dee7650,GAS,val,O/C,3bb31d0b-7a60-4d61-8ffe-245c1afaff6c
3dc0ee4a-d71c-497e-87a3-455b40555408,PRS,bln,O/C,3bb31d0b-7a60-4d61-8ffe-245c1afaff6c
549b213a-453d-4608-9e02-2e4a682cf481,PRS,bln,O/C,3bb31d0b-7a60-4d61-8ffe-245c1afaff6c
fee9a904-27dd-41fe-bb58-fa64a8a76345,LVL,val,0C,3bb31d0b-7a60-4d61-8ffe-245c1afaff6c
b829e388-2489-44c6-a4f8-596af4a2a080,MGC,bln,%,3bb31d0b-7a60-4d61-8ffe-245c1afaff6c
0407e83f-4dfe-420e-87fe-d60348c6a88e,TMP,val,O/C,3bb31d0b-7a60-4d61-8ffe-245c1afaff6c
186f0622-8cca-4fc0-a6af-654b07e3327b,PRS,bln,O/C,3bb31d0b-7a60-4d61-8ffe-245c1afaff6c
3861fcdb-9fae-46cd-bdf2-0f6da87d6c04,PRS,bln,O/C,3bb31d0b-7a60-4d61-8ffe-245c1afaff6c
f5219e73-d93e-49a8-8018-3c4d4ed5a013,TMP,val,O/C,3bb31d0b-7a60-4d61-8ffe-245c1afaff6c
cf4b612e-d383-48e9-bd95-59cb9fd28fff,MGC,bln,%,3bb31d0b-7a60-4d61-8ffe-245c1afaff6c
c498693c-44b5-4f15-858c-e60d607e9001,PRS,bln,O/C,3bb31d0b-7a60-4d61-8ffe-245c1afaff6c
06368c6d-db3a-4334-bd44-95d1faa511f4,GAS,val,O/C,3bb31d0b-7a60-4d61-8ffe-245c1afaff6c
a10adeb4-a932-4ba5-b918-d65bbe153f97,GAS,val,O/C,3bb31d0b-7a60-4d61-8ffe-245c1afaff6c
ac9527f3-8cc8-4c68-920f-9f20b4e60d71,PRS,bln,O/C,3bb31d0b-7a60-4d61-8ffe-245c1afaff6c
aca9b6fc-f7c1-4565-a994-774691154579,GAS,val,O/C,3bb31d0b-7a60-4d61-8ffe-245c1afaff6c
3a49a303-c081-41f6-8892-e6f0c0585fc7,GAS,val,O/C,3bb31d0b-7a60-4d61-8ffe-245c1afaff6c
19f2f5e8-5e1f-4f42-b660-9ca6df2acff0,PRS,bln,O/C,3bb31d0b-7a60-4d61-8ffe-245c1afaff6c
46ec92f5-49a6-4f44-a8ec-1554605d35d0,GAS,val,O/C,3bb31d0b-7a60-4d61-8ffe-245c1afaff6c
4db028fb-16b7-4ccd-a5ee-12f760da19d3,PRC,bln,%,3bb31d0b-7a60-4d61-8ffe-245c1afaff6c
a54c0381-e5e0-40a3-9a23-b70eb3733929,PRS,bln,O/C,3bb31d0b-7a60-4d61-8ffe-245c1afaff6c
2bce5a43-fe11-4532-b520-59b2d278aa84,TMP,val,O/C,3bb31d0b-7a60-4d61-8ffe-245c1afaff6c
bfca6b69-0e36-4e16-a081-058e991f22b0,PRS,bln,O/C,3bb31d0b-7a60-4d61-8ffe-245c1afaff6c
afeace98-b2e4-41cb-a926-673efa24bd30,LIT,val,lm,3bb31d0b-7a60-4d61-8ffe-245c1afaff6c
6e234118-f215-4a1a-a0fe-1ce23c35bdfe,LIT,val,lm,3bb31d0b-7a60-4d61-8ffe-245c1afaff6c
58aefff8-17ac-4c58-8f47-fcfc7f09ccf3,PRS,bln,O/C,3bb31d0b-7a60-4d61-8ffe-245c1afaff6c
0076d112-53de-4d53-9149-9033288f008c,TMP,val,O/C,3bb31d0b-7a60-4d61-8ffe-245c1afaff6c
db5a7fd9-52fc-4982-97d9-13545ec5c89c,LVL,val,0C,3bb31d0b-7a60-4d61-8ffe-245c1afaff6c
04be35b6-4789-4cc3-b292-d09fdc53bc52,LVL,val,0C,3bb31d0b-7a60-4d61-8ffe-245c1afaff6c
3ea2a5c2-5861-4845-901d-eb4b25a0f7fb,MGC,bln,%,3bb31d0b-7a60-4d61-8ffe-245c1afaff6c
fdf4e348-74fe-4211-ab1f-92db60a72603,PRS,bln,O/C,3bb31d0b-7a60-4d61-8ffe-245c1afaff6c
cdfb3e7e-d801-49d7-b554-926d0ca9035b,LVL,val,0C,3bb31d0b-7a60-4d61-8ffe-245c1afaff6c
9f045d63-7bcd-49fc-bc65-df24ffb7f8fd,PRS,bln,O/C,3bb31d0b-7a60-4d61-8ffe-245c1afaff6c
8be4150d-2afa-4ecb-b848-200fe1cdc342,MGC,bln,%,3bb31d0b-7a60-4d61-8ffe-245c1afaff6c
921881af-6ea2-4e5b-8b9d-13dac064abf9,PRS,bln,O/C,3bb31d0b-7a60-4d61-8ffe-245c1afaff6c
83704799-24f9-4f07-b176-4fe62b9d2892,MGC,bln,%,3bb31d0b-7a60-4d61-8ffe-245c1afaff6c
22c542c1-49fc-4f83-a3e7-a236942f8606,HMD,val,ppm,3bb31d0b-7a60-4d61-8ffe-245c1afaff6c
d4e1d0df-5100-46f7-8b51-81ab0da767a7,GAS,val,O/C,3bb31d0b-7a60-4d61-8ffe-245c1afaff6c
27f2d52e-c70d-4a6d-9b1d-80f6a43361e4,LVL,val,0C,3bb31d0b-7a60-4d61-8ffe-245c1afaff6c
fc1fdb18-1302-4771-88dc-68923e03fb77,TMP,val,O/C,3bb31d0b-7a60-4d61-8ffe-245c1afaff6c
b6020979-eceb-411f-8445-3e6c48527f37,PRS,bln,O/C,3bb31d0b-7a60-4d61-8ffe-245c1afaff6c
d69ef918-849f-40af-8a69-c5827a8c0bc3,MGC,bln,%,3bb31d0b-7a60-4d61-8ffe-245c1afaff6c
b0d7b8ad-3b29-4bd0-b918-c5720dadb6ae,PRS,bln,O/C,3bb31d0b-7a60-4d61-8ffe-245c1afaff6c
d35b271e-86d1-42d4-9bf4-7567d2dcbd90,TMP,val,O/C,3bb31d0b-7a60-4d61-8ffe-245c1afaff6c
a1e559eb-3b3c-4697-a499-da02e98f85ee,PRS,bln,O/C,3bb31d0b-7a60-4d61-8ffe-245c1afaff6c
b881e153-53bc-4f8d-84bf-07f418ca4a66,PRS,bln,O/C,3bb31d0b-7a60-4d61-8ffe-245c1afaff6c
9ddc0750-adda-4693-9f43-a7daf56e7bf2,LIT,val,lm,3bb31d0b-7a60-4d61-8ffe-245c1afaff6c
eedf4e60-0e81-49a7-aba2-e6d73a77efc9,TMP,val,O/C,3bb31d0b-7a60-4d61-8ffe-245c1afaff6c
5dde8703-deca-4dfd-978a-dcf54543e944,PRS,bln,O/C,6901a354-8d2c-4ead-8658-9d137a764ff6
6f29abc3-3343-4dcd-81b7-238dffcc4650,PRC,bln,%,6901a354-8d2c-4ead-8658-9d137a764ff6
a30cf395-fddf-4485-a568-2a25d8728e47,GAS,val,O/C,6901a354-8d2c-4ead-8658-9d137a764ff6
5c4fdd50-3fa9-4a15-b64b-437abe88ab35,PRS,bln,O/C,6901a354-8d2c-4ead-8658-9d137a764ff6
9ed43dd2-f80d-46d8-95c5-d058718c42ee,GAS,val,O/C,6901a354-8d2c-4ead-8658-9d137a764ff6
8849aaa6-8055-43d3-a44f-8418bb3fa3ee,TMP,val,O/C,6901a354-8d2c-4ead-8658-9d137a764ff6
e3b7af35-2cc1-4780-bd77-095b2d435c1e,PRC,bln,%,6901a354-8d2c-4ead-8658-9d137a764ff6
049f10fd-3024-4148-8ad6-14dacaa14359,PRS,bln,O/C,6901a354-8d2c-4ead-8658-9d137a764ff6
49f9edac-f851-49f9-8ef3-951c62dbd0bd,HMD,val,ppm,6901a354-8d2c-4ead-8658-9d137a764ff6
046920bc-e5ec-4534-9efc-403a3194f0b0,LIT,val,lm,6901a354-8d2c-4ead-8658-9d137a764ff6
87250b24-4d19-4285-861d-274a2cc2c824,TMP,val,O/C,6901a354-8d2c-4ead-8658-9d137a764ff6
b89a396d-24db-4f73-9c8d-165f25079bfc,PRS,bln,O/C,6901a354-8d2c-4ead-8658-9d137a764ff6
69f83865-8f9a-4d27-b7d2-d7d8a7b73be8,HMD,val,ppm,6901a354-8d2c-4ead-8658-9d137a764ff6
0dade79e-877f-4fc5-a346-d2d3b2ab54c7,LIT,val,lm,6901a354-8d2c-4ead-8658-9d137a764ff6
32aed19d-04c5-4b6e-a229-79ae5f92b33f,MGC,bln,%,6901a354-8d2c-4ead-8658-9d137a764ff6
a44124d7-e751-43e3-9611-582dbb72dcb2,GAS,val,O/C,6901a354-8d2c-4ead-8658-9d137a764ff6
220102ec-9baa-4701-8a0a-d977dc02c45e,TMP,val,O/C,6901a354-8d2c-4ead-8658-9d137a764ff6
2451837a-8126-4e60-907c-d5871984686c,MGC,bln,%,6901a354-8d2c-4ead-8658-9d137a764ff6
71958f83-b4c6-4275-898f-4aeea8f959a4,PRS,bln,O/C,6901a354-8d2c-4ead-8658-9d137a764ff6
5e0cc5e6-4a78-4525-a251-e56598ece399,GAS,val,O/C,6901a354-8d2c-4ead-8658-9d137a764ff6
2941e04a-e621-461e-8b48-4f2a6edcf21d,PRS,bln,O/C,6901a354-8d2c-4ead-8658-9d137a764ff6
9dd2670c-36f4-4d80-b71d-6425a19600e2,PRS,bln,O/C,6901a354-8d2c-4ead-8658-9d137a764ff6
231cced7-72ea-4ca6-8684-530ab48f0dff,PRS,bln,O/C,6901a354-8d2c-4ead-8658-9d137a764ff6
cd11eb9d-db60-4866-bafd-2847c58a3d51,TMP,val,O/C,6901a354-8d2c-4ead-8658-9d137a764ff6
470220e5-191d-4588-8831-c4f0061bc8fd,PRC,bln,%,6901a354-8d2c-4ead-8658-9d137a764ff6
9e80bef2-a707-4eb6-b261-6b2b8013ede5,PRS,bln,O/C,6901a354-8d2c-4ead-8658-9d137a764ff6
90104776-b149-465b-a305-902416c5537d,MGC,bln,%,6901a354-8d2c-4ead-8658-9d137a764ff6
1a680897-fd72-457a-a7d2-1ec5db56113e,PRS,bln,O/C,6901a354-8d2c-4ead-8658-9d137a764ff6
53559cc5-3015-41f6-9f74-c637761a3f98,MGC,bln,%,6901a354-8d2c-4ead-8658-9d137a764ff6
277998c3-bcb4-4301-9a82-d201c2c1499d,PRC,bln,%,6901a354-8d2c-4ead-8658-9d137a764ff6
0de49d00-02a1-46ae-9759-89a5b392b436,MGC,bln,%,6901a354-8d2c-4ead-8658-9d137a764ff6
98b529d0-83e3-4a92-b2f9-6e0ed117ac60,MGC,bln,%,6901a354-8d2c-4ead-8658-9d137a764ff6
7949466a-126a-490d-ba14-35aaf6660495,PRC,bln,%,6901a354-8d2c-4ead-8658-9d137a764ff6
f3c7379f-19cb-40cc-a5e5-66bbd50dd987,GAS,val,O/C,6901a354-8d2c-4ead-8658-9d137a764ff6
d87edb72-093e-44b9-b7be-56919c66a407,GAS,val,O/C,6901a354-8d2c-4ead-8658-9d137a764ff6
d4016a0b-004f-46f4-befa-39cde1eb5d95,GAS,val,O/C,6901a354-8d2c-4ead-8658-9d137a764ff6
c2e3cf27-10b2-4f00-b514-db91cf63b64f,TMP,val,O/C,6901a354-8d2c-4ead-8658-9d137a764ff6
4cafd526-85c8-43fb-b376-0982f5fb5ed2,MGC,bln,%,6901a354-8d2c-4ead-8658-9d137a764ff6
fb3262f8-df2c-4b76-bc50-888422722d86,PRS,bln,O/C,6901a354-8d2c-4ead-8658-9d137a764ff6
78a9b448-c0c0-403a-b060-c034b04c1918,LIT,val,lm,6901a354-8d2c-4ead-8658-9d137a764ff6
ae10fd10-80db-4a64-8534-d37dc87268d8,PRS,bln,O/C,6901a354-8d2c-4ead-8658-9d137a764ff6
fca85cb7-46cb-4c23-99a5-ce2f728fb2b9,PRC,bln,%,6901a354-8d2c-4ead-8658-9d137a764ff6
a18cdbde-bfcf-4bc3-83b1-559e7f3ab9d9,PRS,bln,O/C,6901a354-8d2c-4ead-8658-9d137a764ff6
2adafe9c-1522-4331-ab81-60d6383d600c,PRS,bln,O/C,6901a354-8d2c-4ead-8658-9d137a764ff6
a0cdf4aa-1ad9-486e-ac6a-284284dda484,MGC,bln,%,6901a354-8d2c-4ead-8658-9d137a764ff6
679688ed-1318-406f-a07f-c2ed74d42efb,PRS,bln,O/C,6901a354-8d2c-4ead-8658-9d137a764ff6
8a36d868-8c9f-44da-a32b-4644c4b930d7,LVL,val,0C,6901a354-8d2c-4ead-8658-9d137a764ff6
b2740298-eab8-48e5-810e-99b3230bd1f1,LIT,val,lm,e7759c4e-0c6d-469e-a90a-94045bdd36ef
3282ad53-d026-4c18-ad22-fddc2575b0e4,PRC,bln,%,e7759c4e-0c6d-469e-a90a-94045bdd36ef
81d7a23c-08ff-43aa-9246-89953b03935f,HMD,val,ppm,e7759c4e-0c6d-469e-a90a-94045bdd36ef
c604e538-dfaf-4198-99cb-73f1633a4d22,PRS,bln,O/C,e7759c4e-0c6d-469e-a90a-94045bdd36ef
d7d24a8f-c73f-4ed5-9599-1672b5ed793d,PRS,bln,O/C,e7759c4e-0c6d-469e-a90a-94045bdd36ef
3579a83b-8122-4f25-9808-b79e5592615d,PRS,bln,O/C,e7759c4e-0c6d-469e-a90a-94045bdd36ef
4cc51505-bc0f-4748-8e5c-f4643a781bc2,HMD,val,ppm,e7759c4e-0c6d-469e-a90a-94045bdd36ef
cdf004c0-5387-4293-aa8b-c3f9312b46c4,LVL,val,0C,e7759c4e-0c6d-469e-a90a-94045bdd36ef
3b18db32-e5a1-4132-ab81-19a51535bc20,TMP,val,O/C,e7759c4e-0c6d-469e-a90a-94045bdd36ef
a10718e0-12e5-4cfd-9ad2-1d104165cb51,LIT,val,lm,e7759c4e-0c6d-469e-a90a-94045bdd36ef
5cfc1ca8-730b-4ea7-b347-892639eb5e7d,HMD,val,ppm,e7759c4e-0c6d-469e-a90a-94045bdd36ef
000d1259-08b9-4149-a13e-94ef476cb267,LIT,val,lm,e7759c4e-0c6d-469e-a90a-94045bdd36ef
459b85cf-d6d2-4084-9cc7-a01c1e7cd9dc,GAS,val,O/C,e7759c4e-0c6d-469e-a90a-94045bdd36ef
fb96935b-8573-41c5-bb66-3b4116b40e8b,HMD,val,ppm,e7759c4e-0c6d-469e-a90a-94045bdd36ef
e4ae8119-9534-429d-a138-0f3f34b55417,GAS,val,O/C,e7759c4e-0c6d-469e-a90a-94045bdd36ef
dbe0f28b-b3cf-447f-8243-f43374f69462,LIT,val,lm,e7759c4e-0c6d-469e-a90a-94045bdd36ef
5c16f293-7b65-40e2-85bd-9369173b9163,GAS,val,O/C,e7759c4e-0c6d-469e-a90a-94045bdd36ef
a5822281-26bc-4d71-9f1d-57e971ee86e8,PRS,bln,O/C,e7759c4e-0c6d-469e-a90a-94045bdd36ef
53b22b5b-7a99-487c-8bb8-a067b2701bd9,MGC,bln,%,e7759c4e-0c6d-469e-a90a-94045bdd36ef
5a7256c9-8bbd-4da9-9b0b-9fe6cec24145,PRS,bln,O/C,e7759c4e-0c6d-469e-a90a-94045bdd36ef
a254daeb-91b4-4c40-a44b-d663b1f32687,LVL,val,0C,e7759c4e-0c6d-469e-a90a-94045bdd36ef
4791a9ee-4c75-4c55-994a-c1a411a756db,GAS,val,O/C,e7759c4e-0c6d-469e-a90a-94045bdd36ef
be721ff9-1f99-4197-a86a-bb3505e69027,PRC,bln,%,e7759c4e-0c6d-469e-a90a-94045bdd36ef
f21ea1f8-a7c1-4f4c-98b7-b1c1240da174,PRC,bln,%,e7759c4e-0c6d-469e-a90a-94045bdd36ef
0b7aec62-e1ac-412d-9bf9-9244d71a4100,LIT,val,lm,e7759c4e-0c6d-469e-a90a-94045bdd36ef
e25b4d4b-1dc4-4af6-ad62-9dd62f831e80,LIT,val,lm,e7759c4e-0c6d-469e-a90a-94045bdd36ef
b0e5cbdb-592e-46f3-9e59-b9ff9a9a68d1,HMD,val,ppm,e7759c4e-0c6d-469e-a90a-94045bdd36ef
3040cd87-1dca-4836-8d96-ec3e4c8cc166,PRS,bln,O/C,e7759c4e-0c6d-469e-a90a-94045bdd36ef
4331fb46-4470-4b08-a555-858b035ff820,PRS,bln,O/C,e7759c4e-0c6d-469e-a90a-94045bdd36ef
b41c58ff-0ddd-4f79-9dfc-6138d7d7a9e0,PRC,bln,%,e7759c4e-0c6d-469e-a90a-94045bdd36ef
66e9d32a-c9e3-4322-8d1c-4f1bb400b51b,GAS,val,O/C,e7759c4e-0c6d-469e-a90a-94045bdd36ef
0905ee5b-1c4e-4e02-bc1e-0352a0d5f4b2,GAS,val,O/C,e7759c4e-0c6d-469e-a90a-94045bdd36ef
de5d414e-c615-4db5-92b5-2f6a9899048b,HMD,val,ppm,e7759c4e-0c6d-469e-a90a-94045bdd36ef
65239e6f-ee4a-47c5-828a-ec397215ba28,PRC,bln,%,e7759c4e-0c6d-469e-a90a-94045bdd36ef
0a80a241-38f5-433e-9c2c-2b78c3d92cb0,MGC,bln,%,e7759c4e-0c6d-469e-a90a-94045bdd36ef
90f42502-c7bf-4287-88f3-74033c7d1303,GAS,val,O/C,e7759c4e-0c6d-469e-a90a-94045bdd36ef
082643f4-27cd-43a8-9f0d-49cdf22404ab,HMD,val,ppm,e7759c4e-0c6d-469e-a90a-94045bdd36ef
a0f80253-1f5b-4436-8775-379f628e0af3,PRS,bln,O/C,e7759c4e-0c6d-469e-a90a-94045bdd36ef
3f1e0c6c-bf28-466d-91a6-a4a20f8d9087,TMP,val,O/C,e7759c4e-0c6d-469e-a90a-94045bdd36ef
51b3075f-aa41-4a6f-8599-7b8d6f44dee0,PRS,bln,O/C,e7759c4e-0c6d-469e-a90a-94045bdd36ef
d5e0ae2f-08aa-4195-8df0-6a4b4ab12107,MGC,bln,%,e7759c4e-0c6d-469e-a90a-94045bdd36ef
4db0cffb-8f83-4908-a436-07090f1d10c2,LIT,val,lm,e7759c4e-0c6d-469e-a90a-94045bdd36ef
0fac485d-bf0f-4936-ab9a-cd9cda59f881,TMP,val,O/C,e7759c4e-0c6d-469e-a90a-94045bdd36ef
29c17d2b-dba9-4454-a4e6-af37c670ae74,MGC,bln,%,e7759c4e-0c6d-469e-a90a-94045bdd36ef
dad67746-7317-4553-9613-6a60cddd08a4,PRS,bln,O/C,e7759c4e-0c6d-469e-a90a-94045bdd36ef
d995d72d-ef89-4659-8240-4def3671dc60,PRS,bln,O/C,e7759c4e-0c6d-469e-a90a-94045bdd36ef
97921ecc-2cb2-4eb8-9c9a-1e52e126c3ea,LIT,val,lm,e7759c4e-0c6d-469e-a90a-94045bdd36ef
a5cc3984-0acf-43f3-bf66-18d492866221,PRS,bln,O/C,e7759c4e-0c6d-469e-a90a-94045bdd36ef
726a3abd-3f35-45d9-8447-33c0025b736e,LVL,val,0C,e7759c4e-0c6d-469e-a90a-94045bdd36ef
9af5e861-edfd-465a-9a8c-eebec2eac294,PRS,bln,O/C,e7759c4e-0c6d-469e-a90a-94045bdd36ef
9ca3f02d-3443-460e-864f-a95dc197e000,PRC,bln,%,bc2e955b-2299-4259-9faf-414d83079d20
78ef9a1c-3e34-4b1c-8539-07a1af9951ef,LVL,val,0C,bc2e955b-2299-4259-9faf-414d83079d20
cdad5e45-e0f9-4813-a424-ad5262f4dda3,PRS,bln,O/C,bc2e955b-2299-4259-9faf-414d83079d20
27191b98-3500-48b2-909e-b6d28b5482ed,PRC,bln,%,bc2e955b-2299-4259-9faf-414d83079d20
e5a3c3f1-f7b5-43ef-aca7-87a478f1e262,TMP,val,O/C,bc2e955b-2299-4259-9faf-414d83079d20
c264e649-9de6-4cf7-8bcd-3c5275ddca02,LVL,val,0C,bc2e955b-2299-4259-9faf-414d83079d20
b2b540cc-39ec-4442-9831-75b4f9b4f0aa,LVL,val,0C,bc2e955b-2299-4259-9faf-414d83079d20
03c4dc82-7c14-41d5-8566-72e1f35aab4b,HMD,val,ppm,bc2e955b-2299-4259-9faf-414d83079d20
841c6edd-f1fe-48be-9268-918873a0a220,PRC,bln,%,bc2e955b-2299-4259-9faf-414d83079d20
0f730762-0e60-42d0-a560-26969c1f589e,PRS,bln,O/C,bc2e955b-2299-4259-9faf-414d83079d20
a50ce3d5-859f-4963-b39b-354d93dd9095,GAS,val,O/C,bc2e955b-2299-4259-9faf-414d83079d20
fcd74abb-8e40-44d0-9bd3-9f5e465c3db4,LVL,val,0C,bc2e955b-2299-4259-9faf-414d83079d20
05ee997a-72b4-4cc0-a3c4-2bdfaeae8cfb,PRS,bln,O/C,bc2e955b-2299-4259-9faf-414d83079d20
ff2c8e6a-4ee1-42df-8611-bc52f882131a,GAS,val,O/C,bc2e955b-2299-4259-9faf-414d83079d20
ed777c8e-ea76-4f98-b638-7f04f6b387f2,GAS,val,O/C,bc2e955b-2299-4259-9faf-414d83079d20
51ae01bf-ac7c-4692-b444-48a61f295ad6,PRC,bln,%,bc2e955b-2299-4259-9faf-414d83079d20
2a681c5b-98dd-4f7c-9393-37edc7362276,TMP,val,O/C,bc2e955b-2299-4259-9faf-414d83079d20
f291a4ac-5fc4-4682-8b3c-3a0009b5c6d0,HMD,val,ppm,bc2e955b-2299-4259-9faf-414d83079d20
523daefa-f9e7-4afe-8033-c282f566efb3,TMP,val,O/C,bc2e955b-2299-4259-9faf-414d83079d20
8902e233-8d95-4cb6-9e99-54bb50113795,TMP,val,O/C,bc2e955b-2299-4259-9faf-414d83079d20
5a47ff0d-b91a-4c06-8126-ed08e3d1458b,MGC,bln,%,bc2e955b-2299-4259-9faf-414d83079d20
108de085-3fd8-4cec-b182-42fcb28c3ff6,PRS,bln,O/C,bc2e955b-2299-4259-9faf-414d83079d20
2f859d5e-f51b-4498-94ca-a9464254805d,PRC,bln,%,bc2e955b-2299-4259-9faf-414d83079d20
f7c7b4fa-d4dc-4096-b202-239f5e7a05c3,PRS,bln,O/C,bc2e955b-2299-4259-9faf-414d83079d20
d4223eb2-5ab0-4ad6-bfc5-f5689f4f2c35,MGC,bln,%,bc2e955b-2299-4259-9faf-414d83079d20
1d9cc61b-c2ea-450a-96c7-9c11c0be978e,LIT,val,lm,bc2e955b-2299-4259-9faf-414d83079d20
4cc873ae-8965-44c4-a127-1f219428eda9,LIT,val,lm,bc2e955b-2299-4259-9faf-414d83079d20
dc4d2950-df45-49c1-a147-091d05f7d6d8,LVL,val,0C,bc2e955b-2299-4259-9faf-414d83079d20
bb4d1269-ec76-4831-9286-5e62efc476fa,GAS,val,O/C,bc2e955b-2299-4259-9faf-414d83079d20
de7bcb28-c610-4589-9548-24d1f21c8501,HMD,val,ppm,bc2e955b-2299-4259-9faf-414d83079d20
9f077e5e-ed5e-42b4-a914-13c5d082fb7e,TMP,val,O/C,bc2e955b-2299-4259-9faf-414d83079d20
d267acfa-8546-43e6-b746-2e66e9f66dd9,PRS,bln,O/C,bc2e955b-2299-4259-9faf-414d83079d20
4f7f8afd-730a-471c-b29b-4092cd4d6e0b,HMD,val,ppm,41a9633f-b633-4e16-b784-e84c2cd4806d
e4d97551-655d-4423-ae67-08b8119b44c9,PRS,bln,O/C,41a9633f-b633-4e16-b784-e84c2cd4806d
45eb8443-a43b-46eb-b10e-239b3a8117af,LIT,val,lm,41a9633f-b633-4e16-b784-e84c2cd4806d
32290c86-0c7b-4d52-a70c-7c7d5b0272fe,GAS,val,O/C,41a9633f-b633-4e16-b784-e84c2cd4806d
17454334-f309-45ea-8da2-8f144109067d,PRS,bln,O/C,41a9633f-b633-4e16-b784-e84c2cd4806d
e7b568ae-c399-48ce-8a41-43c8020d1d4e,PRS,bln,O/C,41a9633f-b633-4e16-b784-e84c2cd4806d
b5222b1f-7193-42d5-8e35-96dd90a6aaf3,PRS,bln,O/C,41a9633f-b633-4e16-b784-e84c2cd4806d
82ea8e22-f2a2-4576-862e-765c805589dd,HMD,val,ppm,41a9633f-b633-4e16-b784-e84c2cd4806d
47c0e399-d84c-4f37-97d4-aa7d7c928e01,PRS,bln,O/C,41a9633f-b633-4e16-b784-e84c2cd4806d
8e5b38bb-755b-4959-a532-4294d443848f,PRS,bln,O/C,41a9633f-b633-4e16-b784-e84c2cd4806d
a2b09c31-0f04-47e2-a1f5-2089a4e9e7fc,PRS,bln,O/C,41a9633f-b633-4e16-b784-e84c2cd4806d
e689ec94-2984-4f30-a3a5-22a6eec2ceee,MGC,bln,%,41a9633f-b633-4e16-b784-e84c2cd4806d
99112008-ed32-4863-8afa-23c743d523f5,PRS,bln,O/C,41a9633f-b633-4e16-b784-e84c2cd4806d
28894a4d-e464-47b5-89f3-a42e7b51f62c,PRS,bln,O/C,41a9633f-b633-4e16-b784-e84c2cd4806d
d62acbf4-8b95-426f-a520-92edde34bad4,PRS,bln,O/C,41a9633f-b633-4e16-b784-e84c2cd4806d
282f2901-849f-4699-b4b2-1475b6ec6ea1,PRS,bln,O/C,41a9633f-b633-4e16-b784-e84c2cd4806d
af952eac-602d-43c7-8fe1-a74b84ac194f,PRS,bln,O/C,41a9633f-b633-4e16-b784-e84c2cd4806d
1cbe72f0-a623-4522-a94b-3308394fdc40,PRS,bln,O/C,41a9633f-b633-4e16-b784-e84c2cd4806d
66f1a06a-6756-4c78-b02d-3167a5d77798,LVL,val,0C,41a9633f-b633-4e16-b784-e84c2cd4806d
26f2b4da-44dd-48c6-8431-4de604c2bdf6,PRS,bln,O/C,41a9633f-b633-4e16-b784-e84c2cd4806d
79fdde91-5226-4f97-91dd-4f61c46e4c98,PRS,bln,O/C,41a9633f-b633-4e16-b784-e84c2cd4806d
d0bb3764-36af-4072-a7c0-3333fa2736c4,HMD,val,ppm,41a9633f-b633-4e16-b784-e84c2cd4806d
30ffc336-29da-47eb-8b5c-4d1031635a0d,PRS,bln,O/C,41a9633f-b633-4e16-b784-e84c2cd4806d
60091eac-1a3a-446f-acf4-dd47ebe30740,TMP,val,O/C,41a9633f-b633-4e16-b784-e84c2cd4806d
0249e983-cf93-4a8f-9b36-f35a6e1b580c,GAS,val,O/C,41a9633f-b633-4e16-b784-e84c2cd4806d
194ff3cd-a49b-480d-9cf9-c41cf4949b0a,LIT,val,lm,41a9633f-b633-4e16-b784-e84c2cd4806d
993e9d1e-7834-4733-acce-f65da3f23749,LIT,val,lm,41a9633f-b633-4e16-b784-e84c2cd4806d
09ac5acc-0c06-4583-b4ed-8427963e1d65,PRC,bln,%,41a9633f-b633-4e16-b784-e84c2cd4806d
18563697-63a1-424c-87f2-bf102514a0d7,GAS,val,O/C,41a9633f-b633-4e16-b784-e84c2cd4806d
bed92fb4-305b-46d6-aaaf-6ef05d5db997,PRS,bln,O/C,41a9633f-b633-4e16-b784-e84c2cd4806d
f800209e-6038-4f59-859e-d5f653f4e574,LIT,val,lm,41a9633f-b633-4e16-b784-e84c2cd4806d
d52445ec-2b52-4dbd-b2d0-d9212d307726,MGC,bln,%,41a9633f-b633-4e16-b784-e84c2cd4806d
96cf1939-654f-4369-8f94-5bd1faaba096,PRS,bln,O/C,41a9633f-b633-4e16-b784-e84c2cd4806d
44298637-fbcc-47e6-8c78-0dbfda5721e5,PRS,bln,O/C,41a9633f-b633-4e16-b784-e84c2cd4806d
21923cfc-dff6-4f6e-98ce-7e7355bba918,HMD,val,ppm,41a9633f-b633-4e16-b784-e84c2cd4806d
f4368979-9646-4f93-b99c-ed625b073113,MGC,bln,%,41a9633f-b633-4e16-b784-e84c2cd4806d
a00f1817-9db6-48d6-a5c1-d288c2e11ba2,MGC,bln,%,41a9633f-b633-4e16-b784-e84c2cd4806d
485fb46a-9924-4d1a-aec6-6eeda7509878,PRS,bln,O/C,41a9633f-b633-4e16-b784-e84c2cd4806d
698b433d-415d-434c-bedd-5b7436bd6fc2,PRS,bln,O/C,41a9633f-b633-4e16-b784-e84c2cd4806d
22bbe329-77d9-4269-9b58-13fd36495a03,GAS,val,O/C,41a9633f-b633-4e16-b784-e84c2cd4806d
f69c4e97-8298-42e2-b641-f8f8b9176ca3,GAS,val,O/C,41a9633f-b633-4e16-b784-e84c2cd4806d
3853213f-b713-46ee-8643-f9117401b44b,PRS,bln,O/C,41a9633f-b633-4e16-b784-e84c2cd4806d
02e131f8-536e-457c-9e88-b39a9981c2b9,LVL,val,0C,41a9633f-b633-4e16-b784-e84c2cd4806d
6f36eb7d-7508-4b63-bd11-e4da7d1f58ba,GAS,val,O/C,41a9633f-b633-4e16-b784-e84c2cd4806d
545a8153-e1b8-4e98-8f3d-c7cce1dcadbb,GAS,val,O/C,41a9633f-b633-4e16-b784-e84c2cd4806d
3cb725c2-3ced-4bab-b42e-0b214995447d,PRS,bln,O/C,41a9633f-b633-4e16-b784-e84c2cd4806d
9149b2ae-8f24-4bf6-adcd-faaebbb53367,MGC,bln,%,1207d7d2-d028-434c-9787-6522180f7945
93a64085-756c-49d6-b282-ec80fe66a17c,MGC,bln,%,1207d7d2-d028-434c-9787-6522180f7945
96ffa3c7-ac21-452c-b622-3f9070e8ef89,PRS,bln,O/C,1207d7d2-d028-434c-9787-6522180f7945
7d7c372a-2926-431c-a721-4ee50fa72542,PRS,bln,O/C,1207d7d2-d028-434c-9787-6522180f7945
6a74977c-5229-44a2-963a-0795b16c4668,HMD,val,ppm,1207d7d2-d028-434c-9787-6522180f7945
d22efa0d-64dc-4587-a3c9-4b7c9061e2d4,PRS,bln,O/C,1207d7d2-d028-434c-9787-6522180f7945
63a5ba64-14d3-4c80-af39-9f74bad76736,PRS,bln,O/C,1207d7d2-d028-434c-9787-6522180f7945
a6bf3146-4757-42c4-8a16-4b5ba830be31,LVL,val,0C,1207d7d2-d028-434c-9787-6522180f7945
9d444c42-0734-4a06-b982-9733e6bc24c2,GAS,val,O/C,1207d7d2-d028-434c-9787-6522180f7945
582a128e-d470-4be4-8a3d-f34f25ff5b97,TMP,val,O/C,1207d7d2-d028-434c-9787-6522180f7945
4398b609-0ad3-4ed6-a6d6-d4069ed65851,PRS,bln,O/C,1207d7d2-d028-434c-9787-6522180f7945
ab619f3e-3f4f-4181-bc9c-716569d58b22,PRS,bln,O/C,1207d7d2-d028-434c-9787-6522180f7945
2ec7c321-862c-4cd4-86fc-ded1fb316707,PRS,bln,O/C,1207d7d2-d028-434c-9787-6522180f7945
2d096ae3-fd8b-4683-897e-018be3444cf2,LIT,val,lm,1207d7d2-d028-434c-9787-6522180f7945
386a397c-4921-4295-8243-477024f87c06,MGC,bln,%,1207d7d2-d028-434c-9787-6522180f7945
4cf9e794-86fa-4eda-831d-27a5d1cb1a8c,PRS,bln,O/C,1207d7d2-d028-434c-9787-6522180f7945
73289bae-a0e2-41aa-976b-b8e8e914a21d,LIT,val,lm,1207d7d2-d028-434c-9787-6522180f7945
e0d955c7-93cc-4b86-88f9-a37aec104c15,PRC,bln,%,1207d7d2-d028-434c-9787-6522180f7945
828c1471-b5c4-4af7-8846-6aea1d6616b9,HMD,val,ppm,1207d7d2-d028-434c-9787-6522180f7945
82fd3e12-f6d0-4cea-9af0-c89086a64481,MGC,bln,%,1207d7d2-d028-434c-9787-6522180f7945
a5298933-ad00-4c4c-a433-eeaf56a62932,PRS,bln,O/C,1207d7d2-d028-434c-9787-6522180f7945
eb46037b-95c3-48e6-a801-b924e29ac188,PRS,bln,O/C,1207d7d2-d028-434c-9787-6522180f7945
ea39d2eb-81bd-478f-b973-f57ca2fb6987,PRC,bln,%,1207d7d2-d028-434c-9787-6522180f7945
eeafba05-e952-42bc-b784-f575a28104a9,LVL,val,0C,1207d7d2-d028-434c-9787-6522180f7945
529af693-b315-4da0-91e7-aa82b159198d,GAS,val,O/C,1207d7d2-d028-434c-9787-6522180f7945
b6c3375d-4bb5-4d14-be29-53f235bba2c4,GAS,val,O/C,1207d7d2-d028-434c-9787-6522180f7945
52fafcf0-8209-4a12-8f2d-bfb684f1b891,LIT,val,lm,1207d7d2-d028-434c-9787-6522180f7945
5c145354-782d-4a39-9b56-dcb8a591b8e4,PRS,bln,O/C,1207d7d2-d028-434c-9787-6522180f7945
5d1a24ff-c808-4388-ad4a-d1baf0b1b1f7,PRS,bln,O/C,1207d7d2-d028-434c-9787-6522180f7945
430da9f4-64b2-405b-b0c6-d53bc07b4c3b,PRS,bln,O/C,1207d7d2-d028-434c-9787-6522180f7945
16b47f82-4b11-4019-b946-53b68545ddcc,PRC,bln,%,1207d7d2-d028-434c-9787-6522180f7945
a707c44c-4e8a-4ac4-b010-a84cd4eff329,MGC,bln,%,1207d7d2-d028-434c-9787-6522180f7945
6f5fbdbf-ff14-4163-b839-e5d95bc10c1a,MGC,bln,%,1207d7d2-d028-434c-9787-6522180f7945
833bc2fe-8532-4c32-8a15-7b03c0282236,PRS,bln,O/C,1207d7d2-d028-434c-9787-6522180f7945
736e6c80-8cff-497c-bc43-8caeba0c54af,PRS,bln,O/C,1207d7d2-d028-434c-9787-6522180f7945
ab2aca1f-89a6-4b90-b6a0-e06255e9497f,GAS,val,O/C,1207d7d2-d028-434c-9787-6522180f7945
7744c069-80ac-4a42-a92f-2a96812ddc32,PRS,bln,O/C,1207d7d2-d028-434c-9787-6522180f7945
ea5d5471-fe5f-495c-96d6-ad04fd366c33,PRS,bln,O/C,1207d7d2-d028-434c-9787-6522180f7945
f6127d8e-3a1a-493c-9b7a-1bc7d3bfb2cd,PRS,bln,O/C,1207d7d2-d028-434c-9787-6522180f7945
903c8e13-6572-4d02-84e5-ca5817f2f00e,LVL,val,0C,1207d7d2-d028-434c-9787-6522180f7945
54010bdf-acb9-4c61-b643-e865edce884b,TMP,val,O/C,1207d7d2-d028-434c-9787-6522180f7945
bb01da06-b78b-4392-b496-a359e5565a8f,GAS,val,O/C,1207d7d2-d028-434c-9787-6522180f7945
9e29e0c9-0171-4c3c-8b28-924b605dd589,TMP,val,O/C,1207d7d2-d028-434c-9787-6522180f7945
790bec40-07d1-4bdc-bcb3-dc76124f7956,MGC,bln,%,1207d7d2-d028-434c-9787-6522180f7945
1b07190f-0089-4926-97fc-276ee68b872b,PRS,bln,O/C,1207d7d2-d028-434c-9787-6522180f7945
472cce58-0c74-425d-86c1-3e3bb4feee3b,PRS,bln,O/C,1207d7d2-d028-434c-9787-6522180f7945
6386e997-7063-4fc0-88f5-12894a7ab71a,MGC,bln,%,1207d7d2-d028-434c-9787-6522180f7945
9b3891f4-2c38-40dd-a362-19a7b5ff0d12,PRS,bln,O/C,1207d7d2-d028-434c-9787-6522180f7945
1a26f729-0fad-4f32-a1bb-6a4877842cf1,HMD,val,ppm,c0d9288a-6e89-4774-83f5-74c374da9dad
faceac9c-cc84-438d-ba46-296ffa81c706,LIT,val,lm,c0d9288a-6e89-4774-83f5-74c374da9dad
b23fa393-395a-43f5-80f2-d53dc1c52fa8,HMD,val,ppm,c0d9288a-6e89-4774-83f5-74c374da9dad
f835e811-60ef-461c-8bee-1f38aa8b36dd,MGC,bln,%,c0d9288a-6e89-4774-83f5-74c374da9dad
88e5f08b-71e5-4931-a7ee-5e0f644d657b,TMP,val,O/C,c0d9288a-6e89-4774-83f5-74c374da9dad
5a0b844d-4fb9-4a68-93ac-75a74b286e0a,TMP,val,O/C,c0d9288a-6e89-4774-83f5-74c374da9dad
38c239b3-6689-43a5-a5b0-ef4325b751d5,HMD,val,ppm,c0d9288a-6e89-4774-83f5-74c374da9dad
3584cbda-7cfb-448d-865a-506e04cdfca1,TMP,val,O/C,c0d9288a-6e89-4774-83f5-74c374da9dad
102c4545-3935-4e17-8feb-c71073f934ef,TMP,val,O/C,c0d9288a-6e89-4774-83f5-74c374da9dad
20cc2da0-55af-4779-bae3-711df91a31bc,HMD,val,ppm,c0d9288a-6e89-4774-83f5-74c374da9dad
af67360c-9d07-4058-99a8-4cc10d4f408e,LIT,val,lm,c0d9288a-6e89-4774-83f5-74c374da9dad
6e8a5aae-30c3-467c-8506-b9bd59f17a6d,TMP,val,O/C,c0d9288a-6e89-4774-83f5-74c374da9dad
f10c57a0-a288-4b3b-a911-8f6121206df6,LVL,val,0C,c0d9288a-6e89-4774-83f5-74c374da9dad
adbb76df-47c2-44c4-bf0d-22a452f65f52,PRS,bln,O/C,c0d9288a-6e89-4774-83f5-74c374da9dad
35e5991e-4524-417a-8390-4ff363a41246,MGC,bln,%,c0d9288a-6e89-4774-83f5-74c374da9dad
756ff220-5730-47f3-a044-add0b8a96a05,PRC,bln,%,c0d9288a-6e89-4774-83f5-74c374da9dad
439e9697-c18d-4618-9e8a-38250bf58c81,TMP,val,O/C,c0d9288a-6e89-4774-83f5-74c374da9dad
58cf8aa4-1bfe-47ce-8a8b-54d3f3b78dc6,PRS,bln,O/C,c0d9288a-6e89-4774-83f5-74c374da9dad
805f0e01-a82a-45ef-bf7f-00d96bdbd4bf,LIT,val,lm,c0d9288a-6e89-4774-83f5-74c374da9dad
fa1b5c24-d7a8-43a3-9880-0197b1088437,TMP,val,O/C,c0d9288a-6e89-4774-83f5-74c374da9dad
aa79132d-816b-4eed-9755-5bde1bb2ffb2,LIT,val,lm,c0d9288a-6e89-4774-83f5-74c374da9dad
96678d46-1d3b-4e12-a36d-61db125c6c93,HMD,val,ppm,c0d9288a-6e89-4774-83f5-74c374da9dad
c64e2b66-f548-474e-8e19-44d6e9b75e3a,PRS,bln,O/C,c0d9288a-6e89-4774-83f5-74c374da9dad
294242f6-dcb6-4a77-8cb5-d1911b1ac319,GAS,val,O/C,c0d9288a-6e89-4774-83f5-74c374da9dad
1bbf6d1b-99a3-428d-8544-3d1653d19320,HMD,val,ppm,c0d9288a-6e89-4774-83f5-74c374da9dad
035c6c1f-1089-45a1-b1e2-82eb2d04428d,LIT,val,lm,c0d9288a-6e89-4774-83f5-74c374da9dad
4b15730c-c9c0-40ca-8a4d-46cc3c554a6d,TMP,val,O/C,c0d9288a-6e89-4774-83f5-74c374da9dad
c7959c7b-1717-4fcc-bba9-937f9caf39aa,HMD,val,ppm,c0d9288a-6e89-4774-83f5-74c374da9dad
5fd81a99-e815-4460-a770-0442c8b78f2e,TMP,val,O/C,c0d9288a-6e89-4774-83f5-74c374da9dad
b203b811-c892-4373-aedf-577ca067f215,TMP,val,O/C,c0d9288a-6e89-4774-83f5-74c374da9dad
a8ca9c73-062c-4baa-a2ea-07e09a913f3f,GAS,val,O/C,0c0834cc-3cef-43c8-b793-b8b735da5388
41545872-576b-4fbf-a9bb-22238378a635,GAS,val,O/C,0c0834cc-3cef-43c8-b793-b8b735da5388
a8bea052-6d16-4003-96af-00dc5dbc173f,HMD,val,ppm,0c0834cc-3cef-43c8-b793-b8b735da5388
a517dd0f-7179-4ea4-b6b7-d46e0658c3ad,LIT,val,lm,0c0834cc-3cef-43c8-b793-b8b735da5388
4fd72c62-5494-4c00-b63a-1fef5cdeddae,LIT,val,lm,0c0834cc-3cef-43c8-b793-b8b735da5388
cfb7d9a8-4514-42ed-b1c8-3619816c4174,LIT,val,lm,0c0834cc-3cef-43c8-b793-b8b735da5388
08394a23-f3d6-4432-8b33-3523d97f19b4,LIT,val,lm,0c0834cc-3cef-43c8-b793-b8b735da5388
73af7415-81d2-4990-8940-b19150321cd6,PRC,bln,%,0c0834cc-3cef-43c8-b793-b8b735da5388
069966cb-3dbc-4a2a-ba1f-8be6f845fad7,MGC,bln,%,0c0834cc-3cef-43c8-b793-b8b735da5388
a46ebe4c-1b58-43dd-a970-4e0d8b7cc0e5,GAS,val,O/C,0c0834cc-3cef-43c8-b793-b8b735da5388
d6836e15-36ec-46c1-bfb4-fd0171e3a682,LVL,val,0C,0c0834cc-3cef-43c8-b793-b8b735da5388
e2bd3faf-7be6-43e1-8440-903c99aa635a,PRC,bln,%,0c0834cc-3cef-43c8-b793-b8b735da5388
6041b235-6af5-4f96-b7f7-d0ca4df76d06,HMD,val,ppm,0c0834cc-3cef-43c8-b793-b8b735da5388
3999f305-dcb3-459b-bb71-a0393a53b386,GAS,val,O/C,0c0834cc-3cef-43c8-b793-b8b735da5388
c5b8613c-41a4-4c91-8563-05ec621e4c39,TMP,val,O/C,0c0834cc-3cef-43c8-b793-b8b735da5388
897a39e0-6387-4d22-beb9-365891c36b44,TMP,val,O/C,0c0834cc-3cef-43c8-b793-b8b735da5388
f4ee936b-f6fe-49a6-8ee2-031453a0f0ba,TMP,val,O/C,0c0834cc-3cef-43c8-b793-b8b735da5388
42ce5f34-13c6-4432-bbe6-585a5e4823cd,LVL,val,0C,0c0834cc-3cef-43c8-b793-b8b735da5388
1b1b12de-d6a1-4463-af2e-931ed6a54940,LIT,val,lm,0c0834cc-3cef-43c8-b793-b8b735da5388
f9d9319a-9cfe-4bcc-81e9-b0affb06e781,PRC,bln,%,0c0834cc-3cef-43c8-b793-b8b735da5388
8c85f28f-dff3-42d8-b433-8bb091ea34bb,TMP,val,O/C,0c0834cc-3cef-43c8-b793-b8b735da5388
50a3f511-55b2-4003-87e3-9d2a76175a21,TMP,val,O/C,0c0834cc-3cef-43c8-b793-b8b735da5388
9fb5ada3-370d-4ea5-9835-16d3ff4253ac,GAS,val,O/C,0c0834cc-3cef-43c8-b793-b8b735da5388
8e1e712d-6010-4f32-9adf-2440f9c8499b,PRC,bln,%,0c0834cc-3cef-43c8-b793-b8b735da5388
46b926f6-2168-4e48-b948-ec1fa2f3cbf1,GAS,val,O/C,0c0834cc-3cef-43c8-b793-b8b735da5388
ab791694-57ea-41bd-9c8d-88cc8e577e98,MGC,bln,%,0c0834cc-3cef-43c8-b793-b8b735da5388
71d00da4-88c7-4d80-8ad0-425f67341602,PRC,bln,%,0c0834cc-3cef-43c8-b793-b8b735da5388
88fbd2a4-b844-4240-b7da-3d66aa0b25d8,PRC,bln,%,0c0834cc-3cef-43c8-b793-b8b735da5388
819e9554-2a8c-41c9-9a0c-db2eca032942,TMP,val,O/C,0c0834cc-3cef-43c8-b793-b8b735da5388
67dd2794-6a34-46bd-9d8e-0d1b4ec86242,TMP,val,O/C,0c0834cc-3cef-43c8-b793-b8b735da5388
5b072574-a808-4e0f-acef-9cde216ad69f,TMP,val,O/C,0c0834cc-3cef-43c8-b793-b8b735da5388
fdf1291a-a647-4143-842e-e4f6a7afa5b6,LIT,val,lm,0c0834cc-3cef-43c8-b793-b8b735da5388
5c4e6f90-0648-4ac8-acd6-549e1f62f130,PRS,bln,O/C,0c0834cc-3cef-43c8-b793-b8b735da5388
0273b7ee-cee8-44f1-8864-be9570d2aff5,PRS,bln,O/C,0c0834cc-3cef-43c8-b793-b8b735da5388
b78585b5-e7f5-41d3-9e59-ae1029fbffbd,LIT,val,lm,0c0834cc-3cef-43c8-b793-b8b735da5388
e32e0f45-5ee0-4b91-bcd9-d234bcb18fe6,TMP,val,O/C,0c0834cc-3cef-43c8-b793-b8b735da5388
123e40f9-75a6-4872-bcb9-949232356b51,LIT,val,lm,0c0834cc-3cef-43c8-b793-b8b735da5388
096a9e06-6848-4d21-8d7e-f02c359ea944,LVL,val,0C,0c0834cc-3cef-43c8-b793-b8b735da5388
924f4c9c-16e1-4612-a019-4659200a1360,GAS,val,O/C,0c0834cc-3cef-43c8-b793-b8b735da5388
0c9dfcd5-754f-4769-940e-b3c7252e0dff,TMP,val,O/C,0c0834cc-3cef-43c8-b793-b8b735da5388
94c135c0-e946-4fd0-8ec5-a881abbfe241,LIT,val,lm,0c0834cc-3cef-43c8-b793-b8b735da5388
